date,unit_sales,day_of_week,day_number,month,year,is_weekend,rolling_7d,zscore,is_outlier,dcoilwtico,is_national_holiday,is_regional_holiday,is_local_holiday,is_holiday,day,quarter,week_of_year,is_month_start,is_month_end,lag_1,lag_7,lag_14,lag_30,rolling_7d_mean,rolling_14d_mean,rolling_30d_mean,rolling_7d_std,oil_lag_1,oil_lag_7,oil_rolling_7d_mean
2013-02-01,401.0,Friday,4,2,2013,0,456.2857142857143,-0.4443882915110255,False,97.46,0,0,0,0,1,1,5,1,0,282.0,389.0,60.0,582.0,454.57142857142856,497.07142857142856,520.8333333333334,154.05935776279742,97.65,95.15,96.37857142857145
2013-02-02,775.0,Saturday,5,2,2013,1,467.4285714285714,1.7147485255378228,False,97.46,0,0,0,0,2,1,5,0,0,401.0,697.0,667.0,310.0,456.2857142857143,521.4285714285714,514.8,153.2728659240484,97.46,95.15,96.70857142857142
2013-02-03,855.0,Sunday,6,2,2013,1,501.57142857142856,2.1765959730349027,False,97.46,0,0,0,0,3,1,5,0,0,775.0,616.0,1090.0,338.0,467.42857142857144,529.1428571428571,530.3,174.98653009384927,97.46,95.15,97.03857142857143
2013-02-04,411.0,Monday,0,2,2013,0,514.8571428571429,-0.3866573605738905,False,96.21,0,0,0,0,4,1,6,0,0,855.0,318.0,760.0,654.0,501.57142857142856,512.3571428571429,547.5333333333333,224.9813748904984,97.46,95.95,97.36857142857143
2013-02-05,272.0,Tuesday,1,2,2013,0,497.57142857142856,-1.1891173006000666,False,96.68,0,0,0,0,5,1,6,0,0,411.0,393.0,461.0,979.0,514.8571428571429,487.42857142857144,539.4333333333333,214.85221942180658,96.21,97.62,97.40571428571427
2013-02-06,461.0,Wednesday,2,2,2013,0,493.8571428571428,-0.0980027058882155,False,96.44,0,0,0,0,6,1,6,0,0,272.0,487.0,413.0,541.0,497.57142857142856,473.92857142857144,515.8666666666667,230.58176940285696,96.68,97.98,97.27142857142857
2013-02-07,397.0,Thursday,3,2,2013,0,510.2857142857143,-0.4674806638858794,False,95.84,0,0,0,0,7,1,6,0,0,461.0,282.0,326.0,434.0,493.85714285714283,477.35714285714283,513.2,230.98948646452024,96.44,97.65,97.05142857142857
2013-02-08,226.0,Friday,4,2,2013,0,485.2857142857143,-1.4546795829108876,False,95.71,0,0,0,0,8,1,6,0,0,397.0,401.0,389.0,593.0,510.2857142857143,482.42857142857144,511.96666666666664,217.0811785835843,95.84,97.46,96.79285714285713
2013-02-09,377.0,Saturday,5,2,2013,1,428.4285714285714,-0.5829425257601494,False,95.71,0,0,0,0,9,1,6,0,0,226.0,775.0,697.0,700.0,485.2857142857143,470.7857142857143,499.73333333333335,240.5706509432063,95.71,97.46,96.54285714285716
2013-02-10,356.0,Sunday,6,2,2013,1,357.1428571428572,-0.7041774807281329,False,95.71,0,0,0,0,10,1,6,0,0,377.0,855.0,616.0,726.0,428.42857142857144,447.92857142857144,488.96666666666664,205.10473515000143,95.71,97.46,96.29285714285713
2013-02-11,407.0,Monday,0,2,2013,0,356.57142857142856,-0.4097497329487444,False,97.01,1,0,0,1,11,1,7,0,0,356.0,411.0,318.0,631.0,357.14285714285717,429.35714285714283,476.6333333333333,81.77087617529837,95.71,96.21,96.04285714285713
2013-02-12,469.0,Tuesday,1,2,2013,0,384.7142857142857,-0.0518179611385076,False,97.48,1,0,0,1,12,1,7,0,0,407.0,272.0,393.0,679.0,356.57142857142856,435.7142857142857,469.1666666666667,81.34465182759202,97.01,96.68,96.15714285714286
2013-02-13,277.0,Wednesday,2,2,2013,0,358.42857142857144,-1.1602518351314992,False,97.03,0,0,0,0,13,1,7,0,0,469.0,461.0,487.0,683.0,384.7142857142857,441.14285714285717,462.1666666666667,81.2869696111944,97.48,96.44,96.27142857142857
2013-02-14,280.0,Thursday,3,2,2013,0,341.7142857142857,-1.1429325558503587,False,97.3,0,0,0,0,14,1,7,0,0,277.0,397.0,282.0,547.0,358.42857142857144,426.14285714285717,448.6333333333333,82.25135691455493,97.03,95.84,96.35571428571428
2013-02-15,304.0,Friday,4,2,2013,0,352.85714285714283,-1.0043783216012347,False,95.95,0,0,0,0,15,1,7,0,0,280.0,226.0,401.0,265.0,341.7142857142857,426.0,439.73333333333335,84.95040569986233,97.3,95.71,96.56428571428572
2013-02-16,576.0,Saturday,5,2,2013,1,381.2857142857143,0.5659029998888366,False,95.95,0,0,0,0,16,1,7,0,0,304.0,377.0,775.0,4.0,352.85714285714283,419.07142857142856,441.03333333333336,71.25407256531125,95.95,95.71,96.59857142857142
2013-02-17,395.0,Sunday,6,2,2013,1,386.8571428571428,-0.4790268500733065,False,95.95,0,0,0,0,17,1,7,0,0,576.0,356.0,855.0,60.0,381.2857142857143,404.85714285714283,460.1,111.06711827496277,95.95,95.71,96.63285714285715
2013-02-18,417.0,Monday,0,2,2013,0,388.2857142857143,-0.3520188020116095,False,96.32,0,0,0,0,18,1,8,0,0,395.0,407.0,411.0,667.0,386.85714285714283,372.0,471.26666666666665,110.56435316355811,95.95,97.01,96.66714285714285
2013-02-19,244.0,Tuesday,1,2,2013,0,356.1428571428572,-1.3507639072240447,False,96.69,0,0,0,0,19,1,8,0,0,417.0,469.0,272.0,1090.0,388.2857142857143,372.42857142857144,462.93333333333334,110.93198259250835,96.32,97.48,96.56857142857143
2013-02-20,339.0,Wednesday,2,2,2013,0,365.0,-0.8023200633212624,False,94.92,0,0,0,0,20,1,8,0,0,244.0,277.0,461.0,760.0,356.14285714285717,370.42857142857144,434.73333333333335,116.12267733081241,96.69,97.03,96.45571428571428
2013-02-21,457.0,Thursday,3,2,2013,0,390.2857142857143,-0.1210950782630695,False,92.79,0,0,0,0,21,1,8,0,0,339.0,280.0,397.0,461.0,365.0,361.7142857142857,420.7,111.3463066293615,94.92,97.3,96.15428571428572
2013-02-22,186.0,Friday,4,2,2013,0,373.4285714285714,-1.6856033066594276,False,93.12,0,0,0,0,22,1,8,0,0,457.0,304.0,226.0,413.0,390.2857142857143,366.0,420.56666666666666,108.89706804396181,92.79,95.95,95.50999999999999
2013-02-23,497.0,Saturday,5,2,2013,1,362.1428571428572,0.1098286454854703,False,93.12,0,0,0,0,23,1,8,0,0,186.0,576.0,377.0,326.0,373.42857142857144,363.14285714285717,413.0,131.30734574889118,93.12,95.95,95.10571428571428
2013-02-24,509.0,Sunday,6,2,2013,1,378.4285714285714,0.1791057626100323,False,93.12,0,0,0,0,24,1,8,0,0,497.0,395.0,356.0,389.0,362.14285714285717,371.7142857142857,418.7,113.13182365634046,93.12,95.95,94.70142857142856
2013-02-25,441.0,Monday,0,2,2013,0,381.8571428571428,-0.2134645677624855,False,92.74,0,0,0,0,25,1,9,0,0,509.0,417.0,407.0,697.0,378.42857142857144,382.64285714285717,422.7,126.11087336527406,93.12,96.32,94.29714285714286
2013-02-26,550.0,Tuesday,1,2,2013,0,425.57142857142856,0.4158025794522857,False,92.63,0,0,0,0,26,1,9,0,0,441.0,244.0,469.0,616.0,381.85714285714283,385.07142857142856,414.1666666666667,127.65112425595528,92.74,96.69,93.78571428571429
2013-02-27,388.0,Wednesday,2,2,2013,0,432.57142857142856,-0.519438501729301,False,92.84,0,0,0,0,27,1,9,0,0,550.0,339.0,277.0,318.0,425.57142857142856,390.85714285714283,411.96666666666664,124.93979502525303,92.63,94.92,93.2057142857143
2013-02-28,316.0,Thursday,3,2,2013,0,412.4285714285714,-0.9351012044766728,False,92.03,0,0,0,0,28,1,9,0,1,388.0,457.0,280.0,393.0,432.57142857142856,398.7857142857143,414.3,120.5775782679029,92.84,92.79,92.90857142857143
2013-03-01,305.0,Friday,4,3,2013,0,429.4285714285714,-0.9986052285075212,False,90.71,0,0,0,0,1,1,9,1,0,316.0,186.0,304.0,487.0,412.42857142857144,401.35714285714283,411.73333333333335,127.40075502504773,92.03,93.12,92.8
2013-03-02,627.0,Saturday,5,3,2013,1,448.0,0.860330747668225,False,90.71,0,0,1,1,2,1,9,0,0,305.0,497.0,576.0,282.0,429.42857142857144,401.42857142857144,405.6666666666667,96.2927085208718,90.71,93.12,92.4557142857143
2013-03-03,853.0,Sunday,6,3,2013,1,497.1428571428572,2.165049786847476,False,90.71,0,0,0,0,3,1,9,0,0,627.0,509.0,395.0,401.0,448.0,405.07142857142856,417.1666666666667,120.89113560003707,90.71,93.12,92.11142857142856
2013-03-04,554.0,Monday,0,3,2013,0,513.2857142857143,0.4388949518271397,False,90.13,0,0,0,0,4,1,10,0,0,853.0,441.0,417.0,775.0,497.14285714285717,437.7857142857143,432.23333333333335,196.25105398564395,90.71,92.74,91.76714285714286
2013-03-05,487.0,Tuesday,1,3,2013,0,504.2857142857143,0.0520977145483353,False,90.88,0,0,0,0,5,1,10,0,0,554.0,550.0,244.0,855.0,513.2857142857143,447.57142857142856,424.8666666666667,195.5093469937044,90.13,92.63,91.39428571428572
2013-03-06,458.0,Wednesday,2,3,2013,0,514.2857142857143,-0.115321985169356,False,90.47,0,0,0,0,6,1,10,0,0,487.0,388.0,339.0,411.0,504.2857142857143,464.92857142857144,412.6,194.98693484924755,90.88,92.84,91.14428571428572
2013-03-07,566.0,Thursday,3,3,2013,0,550.0,0.5081720689517017,False,91.53,0,0,0,0,7,1,10,0,0,458.0,316.0,457.0,272.0,514.2857142857143,473.42857142857144,414.1666666666667,189.75397605470982,90.47,92.03,90.80571428571429
2013-03-08,361.0,Friday,4,3,2013,0,558.0,-0.6753120152595654,False,92.01,0,0,0,0,8,1,10,0,0,566.0,305.0,186.0,461.0,550.0,481.2142857142857,423.96666666666664,168.55661758985713,91.53,90.71,90.73428571428572
2013-03-09,549.0,Saturday,5,3,2013,1,546.8571428571429,0.4100294863585722,False,92.01,0,0,0,0,9,1,10,0,0,361.0,627.0,497.0,397.0,558.0,493.7142857142857,420.6333333333333,155.83966119059681,92.01,90.71,90.91999999999999
2013-03-10,591.0,Sunday,6,3,2013,1,509.4285714285714,0.6524993962945391,False,92.01,0,0,0,0,10,1,10,0,0,549.0,853.0,509.0,226.0,546.8571428571429,497.42857142857144,425.7,152.84352409291947,92.01,90.71,91.10571428571428
2013-03-11,296.0,Monday,0,3,2013,0,472.57142857142856,-1.0505630663509429,False,92.07,0,0,0,0,11,1,11,0,0,591.0,554.0,441.0,377.0,509.42857142857144,503.2857142857143,437.8666666666667,80.19321904595382,92.01,90.13,91.29142857142857
2013-03-12,213.0,Tuesday,1,3,2013,0,433.4285714285714,-1.5297297931291631,False,92.44,0,0,0,0,12,1,11,0,0,296.0,487.0,550.0,356.0,472.57142857142856,492.92857142857144,435.1666666666667,110.0315971934984,92.07,90.88,91.56857142857143
2013-03-13,620.0,Wednesday,2,3,2013,0,456.57142857142856,0.8199190960122306,False,92.47,0,0,0,0,13,1,11,0,0,213.0,458.0,388.0,407.0,433.42857142857144,468.85714285714283,430.4,146.67748877822243,92.44,90.47,91.79142857142857
2013-03-14,388.0,Thursday,3,3,2013,0,431.1428571428572,-0.519438501729301,False,93.03,0,0,0,0,14,1,11,0,0,620.0,566.0,316.0,469.0,456.57142857142856,485.42857142857144,437.5,163.06528052987122,92.47,91.53,92.07714285714285
2013-03-15,240.0,Friday,4,3,2013,0,413.8571428571428,-1.3738562795988989,False,93.49,0,0,0,0,15,1,11,0,0,388.0,361.0,305.0,277.0,431.14285714285717,490.57142857142856,434.8,156.9197550463592,93.03,92.01,92.29142857142857
2013-03-16,779.0,Saturday,5,3,2013,1,446.7142857142857,1.7378408979126767,False,93.49,0,0,0,0,16,1,11,0,0,240.0,549.0,627.0,280.0,413.85714285714283,485.92857142857144,433.56666666666666,171.8850668047577,93.49,92.01,92.50285714285714
2013-03-17,695.0,Sunday,6,3,2013,1,461.57142857142856,1.252901078040743,False,93.49,0,0,0,0,17,1,11,0,0,779.0,591.0,853.0,304.0,446.7142857142857,496.7857142857143,450.2,217.85906322338602,93.49,92.01,92.71428571428571
2013-03-18,465.0,Monday,0,3,2013,0,485.7142857142857,-0.0749103335133616,False,93.71,0,0,0,0,18,1,12,0,0,695.0,296.0,554.0,576.0,461.57142857142856,485.5,463.23333333333335,232.39969674597026,93.49,92.07,92.92571428571429
2013-03-19,418.0,Tuesday,1,3,2013,0,515.0,-0.346245708917896,False,92.44,0,0,0,0,19,1,12,0,0,465.0,213.0,487.0,395.0,485.7142857142857,479.14285714285717,459.53333333333336,220.8224885028048,93.71,92.44,93.15999999999998
2013-03-20,522.0,Wednesday,2,3,2013,0,501.0,0.2541559728283078,False,93.21,0,0,0,0,20,1,12,0,0,418.0,620.0,458.0,417.0,515.0,474.2142857142857,460.3,190.08068462278493,92.44,92.47,93.16
2013-03-21,241.0,Thursday,3,3,2013,0,480.0,-1.3680831865051852,False,92.46,0,0,0,0,21,1,12,0,0,522.0,388.0,566.0,244.0,501.0,478.7857142857143,463.8,184.5878291401321,93.21,93.03,93.26571428571428
2013-03-22,353.0,Friday,4,3,2013,0,496.1428571428572,-0.7214967600092733,False,93.41,0,0,0,0,22,1,12,0,0,241.0,240.0,361.0,339.0,480.0,455.57142857142856,463.7,206.63171747499604,92.46,93.49,93.1842857142857
2013-03-23,544.0,Saturday,5,3,2013,1,462.57142857142856,0.3811640208900047,False,93.41,0,0,0,0,23,1,12,0,0,353.0,779.0,549.0,457.0,496.14285714285717,455.0,464.1666666666667,188.36350369381395,93.41,93.49,93.17285714285715
2013-03-24,529.0,Sunday,6,3,2013,1,438.8571428571428,0.2945676244843023,False,93.41,0,0,0,0,24,1,12,0,0,544.0,695.0,591.0,186.0,462.57142857142856,454.64285714285717,467.06666666666666,145.64666965280142,93.41,93.49,93.16142857142857
2013-03-25,413.0,Monday,0,3,2013,0,431.4285714285714,-0.3751111743864634,False,94.55,0,0,0,0,25,1,13,0,0,529.0,465.0,296.0,497.0,438.85714285714283,450.2142857142857,478.5,110.8533995440647,93.41,93.71,93.14999999999999
2013-03-26,300.0,Tuesday,1,3,2013,0,414.57142857142856,-1.0274706939760887,False,95.99,0,0,0,0,26,1,13,0,0,413.0,418.0,213.0,509.0,431.42857142857144,458.57142857142856,475.7,110.55143168507088,94.55,92.44,93.26999999999998
2013-03-27,353.0,Wednesday,2,3,2013,0,390.4285714285714,-0.7214967600092733,False,96.53,0,0,0,0,27,1,13,0,0,300.0,522.0,620.0,441.0,414.57142857142856,464.7857142857143,468.73333333333335,121.40408716741048,95.99,93.21,93.77714285714285
2013-03-28,594.0,Thursday,3,3,2013,0,440.8571428571428,0.6698186755756796,False,97.24,0,0,0,0,28,1,13,0,0,353.0,241.0,388.0,550.0,390.42857142857144,445.7142857142857,465.8,112.99241441037314,96.53,92.46,94.25142857142858
2013-03-29,575.0,Friday,4,3,2013,0,472.57142857142856,0.5601299067951232,False,97.16999999999999,0,0,0,0,29,1,13,0,0,594.0,353.0,240.0,388.0,440.85714285714283,460.42857142857144,467.26666666666665,113.95529616393168,97.24,93.41,94.9342857142857
2013-03-30,577.0,Saturday,5,3,2013,1,477.2857142857143,0.5716760929825502,False,97.16999999999999,0,0,0,0,30,1,13,0,0,575.0,544.0,779.0,316.0,472.57142857142856,484.35714285714283,473.5,116.29682876567306,97.16999999999999,93.41,95.47142857142856
2013-03-31,643.0,Sunday,6,3,2013,1,493.57142857142856,0.9527002371676412,False,97.16999999999999,0,0,0,0,31,1,13,0,1,577.0,529.0,695.0,305.0,477.2857142857143,469.92857142857144,482.2,120.27567540961056,97.16999999999999,93.41,96.00857142857141
2013-04-01,431.0,Monday,0,4,2013,0,496.1428571428572,-0.2711954986996205,False,97.1,0,1,0,1,1,2,14,1,0,643.0,413.0,465.0,627.0,493.57142857142856,466.2142857142857,493.46666666666664,135.23295597210137,97.16999999999999,94.55,96.54571428571428
2013-04-02,527.0,Tuesday,1,4,2013,0,528.5714285714286,0.2830214382968752,False,97.23,0,0,0,0,2,2,14,0,0,431.0,300.0,418.0,853.0,496.14285714285717,463.7857142857143,486.93333333333334,133.60692169124118,97.1,95.99,96.91
2013-04-03,463.0,Wednesday,2,4,2013,0,544.2857142857143,-0.0864565197007885,False,95.02,0,0,0,0,3,2,14,0,0,527.0,353.0,522.0,554.0,528.5714285714286,471.57142857142856,476.06666666666666,101.83623641719593,97.23,96.53,97.08714285714287
2013-04-04,305.0,Thursday,3,4,2013,0,503.0,-0.9986052285075212,False,93.26,0,0,0,0,4,2,14,0,0,463.0,594.0,241.0,487.0,544.2857142857143,467.35714285714283,473.03333333333336,75.24341451962046,95.02,97.24,96.87142857142855
2013-04-05,415.0,Friday,4,4,2013,0,480.1428571428572,-0.3635649881990365,False,92.76,0,0,0,0,5,2,14,0,0,305.0,575.0,353.0,458.0,503.0,471.92857142857144,466.96666666666664,113.15476127852483,93.26,97.16999999999999,96.30285714285715
2013-04-06,972.0,Saturday,5,4,2013,1,536.5714285714286,2.8520478649993817,False,92.76,0,0,0,0,6,2,14,0,0,415.0,577.0,544.0,566.0,480.14285714285717,476.35714285714283,465.53333333333336,112.34385989960809,92.76,97.16999999999999,95.67285714285713
2013-04-07,936.0,Sunday,6,4,2013,1,578.4285714285714,2.644216513625696,False,92.76,0,0,0,0,7,2,14,0,0,972.0,643.0,529.0,361.0,536.5714285714286,506.92857142857144,479.06666666666666,218.31922891556232,92.76,97.16999999999999,95.04285714285713
2013-04-08,369.0,Monday,0,4,2013,0,569.5714285714286,-0.6291272705098574,False,93.36,0,0,0,0,8,2,15,0,0,936.0,431.0,413.0,549.0,578.4285714285714,536.0,498.23333333333335,265.1828659264252,92.76,97.1,94.41285714285713
2013-04-09,458.0,Tuesday,1,4,2013,0,559.7142857142857,-0.115321985169356,False,94.18,0,0,0,0,9,2,15,0,0,369.0,527.0,300.0,591.0,569.5714285714286,532.8571428571429,492.23333333333335,271.8785618266957,93.36,97.23,93.87857142857142
2013-04-10,386.0,Wednesday,2,4,2013,0,548.7142857142857,-0.5309846879167279,False,94.59,0,0,0,0,10,2,15,0,0,458.0,463.0,353.0,296.0,559.7142857142857,544.1428571428571,487.8,274.91314645763686,94.18,95.02,93.44285714285715
2013-04-11,235.0,Thursday,3,4,2013,0,538.7142857142857,-1.402721745067466,False,93.44,0,0,0,0,11,2,15,0,0,386.0,305.0,594.0,213.0,548.7142857142857,546.5,490.8,280.90313531281816,94.59,93.26,93.38142857142859
2013-04-12,358.0,Friday,4,4,2013,0,530.5714285714286,-0.6926312945407059,False,91.23,0,0,1,1,12,2,15,0,0,235.0,415.0,575.0,620.0,538.7142857142857,520.8571428571429,491.53333333333336,292.0500609403088,93.44,92.76,93.40714285714286
2013-04-13,789.0,Saturday,5,4,2013,1,504.4285714285714,1.7955718288498117,False,91.23,0,0,0,0,13,2,15,0,0,358.0,972.0,577.0,388.0,530.5714285714286,505.35714285714283,482.8,296.82983741691527,91.23,92.76,93.18857142857144
2013-04-14,506.0,Sunday,6,4,2013,1,443.0,0.1617864833288918,False,91.23,0,0,1,1,14,2,15,0,0,789.0,936.0,643.0,240.0,504.42857142857144,520.5,496.1666666666667,256.83643117936424,91.23,92.76,92.97000000000001
2013-04-15,413.0,Monday,0,4,2013,0,449.2857142857143,-0.3751111743864634,False,88.75,0,0,0,0,15,2,16,0,0,506.0,369.0,431.0,779.0,443.0,510.7142857142857,505.03333333333336,174.7016504405911,91.23,93.36,92.75142857142859
2013-04-16,372.0,Tuesday,1,4,2013,0,437.0,-0.6118079912287169,False,88.73,0,0,0,0,16,2,16,0,0,413.0,458.0,527.0,695.0,449.2857142857143,509.42857142857144,492.8333333333333,172.37141515316452,88.75,94.18,92.09285714285716
2013-04-17,400.0,Wednesday,2,4,2013,0,439.0,-0.450161384604739,False,86.65,0,0,0,0,17,2,16,0,0,372.0,386.0,463.0,465.0,437.0,498.35714285714283,482.06666666666666,174.69592630243693,88.73,94.59,91.31428571428572
2013-04-18,283.0,Thursday,3,4,2013,0,445.8571428571428,-1.1256132765692182,False,87.83,0,0,0,0,18,2,16,0,0,400.0,235.0,305.0,418.0,439.0,493.85714285714283,479.9,174.09384442497236,86.65,93.44,90.18000000000002
2013-04-19,376.0,Friday,4,4,2013,0,448.4285714285714,-0.5887156188538629,False,88.04,0,0,0,0,19,2,16,0,0,283.0,358.0,415.0,522.0,445.85714285714283,492.2857142857143,475.4,165.45032343216906,87.83,91.23,89.37857142857142
2013-04-20,647.0,Saturday,5,4,2013,1,428.1428571428572,0.975792609542495,False,88.04,0,0,0,0,20,2,16,0,0,376.0,789.0,972.0,241.0,448.42857142857144,489.5,470.53333333333336,163.99070821528946,88.04,91.23,88.92285714285715
2013-04-21,683.0,Sunday,6,4,2013,1,453.4285714285714,1.183623960916181,False,88.04,0,0,1,1,21,2,16,0,0,647.0,506.0,936.0,353.0,428.14285714285717,466.2857142857143,484.06666666666666,116.8466638682622,88.04,91.23,88.46714285714286
2013-04-22,408.0,Monday,0,4,2013,0,452.7142857142857,-0.4039766398550309,False,88.81,0,0,0,0,22,2,17,0,0,683.0,413.0,369.0,544.0,453.42857142857144,448.2142857142857,495.06666666666666,150.7391313305392,88.04,88.75,88.01142857142857
2013-04-23,400.0,Tuesday,1,4,2013,0,456.7142857142857,-0.450161384604739,False,89.21,0,0,0,0,23,2,17,0,0,408.0,372.0,458.0,529.0,452.7142857142857,451.0,490.53333333333336,150.97429614089256,88.81,88.73,88.02
2013-04-24,493.0,Wednesday,2,4,2013,0,470.0,0.0867362731106163,False,91.07,0,0,0,0,24,2,17,0,0,400.0,400.0,386.0,413.0,456.7142857142857,446.85714285714283,486.23333333333335,148.8351596965737,89.21,86.65,88.08857142857144
2013-04-25,219.0,Thursday,3,4,2013,0,460.8571428571428,-1.495091234566882,False,93.27,0,0,0,0,25,2,17,0,0,493.0,283.0,235.0,300.0,470.0,454.5,488.9,147.0691447358459,91.07,87.83,88.72
2013-04-26,491.0,Friday,4,4,2013,0,477.2857142857143,0.0751900869231893,False,92.63,0,0,0,0,26,2,17,0,0,219.0,376.0,358.0,353.0,460.85714285714283,453.35714285714283,486.2,161.87590779300473,93.27,88.04,89.49714285714286
2013-04-27,755.0,Saturday,5,4,2013,1,492.7142857142857,1.5992866636635528,False,92.63,0,0,0,0,27,2,17,0,0,491.0,647.0,789.0,594.0,477.2857142857143,462.85714285714283,490.8,157.6078617811877,92.63,88.04,90.15285714285713
2013-04-28,719.0,Sunday,6,4,2013,1,497.8571428571428,1.391455312289867,False,92.63,0,0,0,0,28,2,17,0,0,755.0,683.0,506.0,575.0,492.7142857142857,460.42857142857144,496.1666666666667,180.59966250034353,92.63,88.04,90.80857142857143
2013-04-29,411.0,Monday,0,4,2013,0,498.2857142857143,-0.3866573605738905,False,94.09,1,0,0,1,29,2,18,0,0,719.0,408.0,413.0,577.0,497.85714285714283,475.64285714285717,500.96666666666664,187.3093951829684,92.63,88.81,91.4642857142857
2013-04-30,369.0,Tuesday,1,4,2013,0,493.8571428571428,-0.6291272705098574,False,93.22,0,0,0,0,30,2,18,0,1,411.0,400.0,372.0,643.0,498.2857142857143,475.5,495.43333333333334,187.0728149551345,94.09,89.21,92.21857142857142
2013-05-01,705.0,Wednesday,2,5,2013,0,524.1428571428571,1.310632008977878,False,90.74,1,0,0,1,1,2,18,1,0,369.0,493.0,400.0,431.0,493.85714285714283,475.2857142857143,486.3,190.12927932631197,93.22,91.07,92.79142857142857
2013-05-02,327.0,Thursday,3,5,2013,0,539.5714285714286,-0.8715971804458243,False,93.7,0,0,0,0,2,2,18,0,0,705.0,219.0,283.0,527.0,524.1428571428571,497.07142857142856,495.43333333333334,206.17745477414064,90.74,93.27,92.74428571428572
2013-05-03,350.0,Friday,4,5,2013,0,519.4285714285714,-0.7388160392904138,False,95.25,0,0,0,0,3,2,18,0,0,327.0,491.0,376.0,463.0,539.5714285714286,500.2142857142857,488.76666666666665,182.18201259807643,93.7,92.63,92.80571428571429
2013-05-04,774.0,Saturday,5,5,2013,1,522.1428571428571,1.708975432444109,False,95.25,0,0,0,0,4,2,18,0,0,350.0,755.0,647.0,305.0,519.4285714285714,498.35714285714283,485.0,195.73779837907048,95.25,92.63,93.17999999999999
2013-05-05,715.0,Sunday,6,5,2013,1,521.5714285714286,1.368362939915013,False,95.25,0,0,0,0,5,2,18,0,0,774.0,719.0,683.0,415.0,522.1428571428571,507.42857142857144,500.6333333333333,199.64170286743567,95.25,92.63,93.55428571428571
2013-05-06,416.0,Monday,0,5,2013,0,522.2857142857143,-0.357791895105323,False,95.8,0,0,0,0,6,2,19,0,0,715.0,411.0,408.0,972.0,521.5714285714286,509.7142857142857,510.6333333333333,198.98899227751014,95.25,94.09,93.92857142857143
2013-05-07,351.0,Tuesday,1,5,2013,0,519.7142857142857,-0.7330429461967004,False,95.28,0,0,0,0,7,2,19,0,0,416.0,369.0,400.0,936.0,522.2857142857143,510.2857142857143,492.1,198.53439188690888,95.8,93.22,94.17285714285715
2013-05-08,418.0,Wednesday,2,5,2013,0,478.7142857142857,-0.346245708917896,False,96.24,0,0,0,0,8,2,19,0,0,351.0,705.0,493.0,369.0,519.7142857142857,506.7857142857143,472.6,200.9524937936942,95.28,90.74,94.46714285714286
2013-05-09,323.0,Thursday,3,5,2013,0,478.1428571428572,-0.8946895528206783,False,96.09,0,0,0,0,9,2,19,0,0,418.0,327.0,219.0,458.0,478.7142857142857,501.42857142857144,474.23333333333335,185.5350050401217,96.24,93.7,95.25285714285714
2013-05-10,318.0,Friday,4,5,2013,0,473.57142857142856,-0.9235550182892458,False,95.81,0,0,0,0,10,2,19,0,0,323.0,350.0,491.0,386.0,478.14285714285717,508.85714285714283,469.73333333333335,186.0854898260727,96.09,95.25,95.59428571428573
2013-05-11,666.0,Saturday,5,5,2013,1,458.1428571428572,1.0854813783230517,False,95.81,1,0,0,1,11,2,19,0,0,318.0,774.0,755.0,235.0,473.57142857142856,496.5,467.46666666666664,190.10773887707006,95.81,95.25,95.67428571428572
2013-05-12,548.0,Sunday,6,5,2013,1,434.2857142857143,0.4042563932648587,False,95.81,1,0,1,1,12,2,19,0,0,666.0,715.0,719.0,358.0,458.14285714285717,490.14285714285717,481.8333333333333,164.29184253580385,95.81,95.25,95.75428571428571
2013-05-13,331.0,Monday,0,5,2013,0,422.1428571428572,-0.8485048080709703,False,94.76,0,0,0,0,13,2,20,0,0,548.0,416.0,411.0,789.0,434.2857142857143,477.92857142857144,488.1666666666667,129.141671928821,95.81,95.8,95.83428571428571
2013-05-14,409.0,Tuesday,1,5,2013,0,430.4285714285714,-0.3982035467613175,False,93.96,0,0,0,0,14,2,20,0,0,331.0,351.0,369.0,506.0,422.14285714285717,472.2142857142857,472.9,135.01040524274163,94.76,95.28,95.68571428571428
2013-05-15,471.0,Wednesday,2,5,2013,0,438.0,-0.0402717749510806,False,93.95,0,0,0,0,15,2,20,0,0,409.0,418.0,705.0,413.0,430.42857142857144,475.07142857142856,469.6666666666667,131.65467094240213,93.96,96.24,95.49714285714286
2013-05-16,252.0,Thursday,3,5,2013,0,427.8571428571428,-1.3045791624743366,False,94.85,0,0,0,0,16,2,20,0,0,471.0,323.0,327.0,372.0,438.0,458.35714285714283,471.6,132.34298873255992,93.95,96.09,95.16999999999999
2013-05-17,423.0,Friday,4,5,2013,0,442.8571428571428,-0.3173802434493285,False,95.72,0,0,0,0,17,2,20,0,0,252.0,318.0,350.0,400.0,427.85714285714283,453.0,467.6,144.76351816143455,94.85,95.81,94.99285714285713
2013-05-18,600.0,Saturday,5,5,2013,1,433.4285714285714,0.7044572341379607,False,95.72,0,0,0,0,18,2,20,0,0,423.0,666.0,774.0,283.0,442.85714285714283,458.2142857142857,468.3666666666667,136.69848642350073,95.72,95.81,94.98
2013-05-19,758.0,Sunday,6,5,2013,1,463.4285714285714,1.6166059429446933,False,95.72,0,0,0,0,19,2,20,0,0,600.0,548.0,715.0,376.0,433.42857142857144,445.7857142857143,478.93333333333334,119.99841268791374,95.72,95.81,94.96714285714286
2013-05-20,399.0,Monday,0,5,2013,0,473.1428571428572,-0.4559344776984524,False,96.29,0,0,0,0,20,2,21,0,0,758.0,331.0,416.0,647.0,463.42857142857144,448.85714285714283,491.6666666666667,169.46863735694254,95.72,94.76,94.9542857142857
2013-05-21,444.0,Tuesday,1,5,2013,0,478.1428571428572,-0.196145288481345,False,95.55,0,0,0,0,21,2,21,0,0,399.0,409.0,351.0,683.0,473.14285714285717,447.64285714285717,483.4,162.4145196417982,96.29,93.96,95.17285714285715
2013-05-22,455.0,Wednesday,2,5,2013,0,475.8571428571428,-0.1326412644504965,False,93.98,0,0,0,0,22,2,21,0,0,444.0,471.0,418.0,408.0,478.14285714285717,454.2857142857143,475.43333333333334,160.63979225939858,95.55,93.95,95.39999999999999
2013-05-23,372.0,Thursday,3,5,2013,0,493.0,-0.6118079912287169,False,94.12,0,0,0,0,23,2,21,0,0,455.0,252.0,323.0,400.0,475.85714285714283,456.92857142857144,477.0,160.87202840708323,93.98,94.85,95.40428571428572
2013-05-24,532.0,Friday,4,5,2013,0,508.57142857142856,0.3118869037654427,False,93.84,1,0,0,1,24,2,21,0,0,372.0,423.0,318.0,493.0,493.0,460.42857142857144,476.06666666666666,137.77759856619133,94.12,95.72,95.3
2013-05-25,392.0,Saturday,5,5,2013,1,478.8571428571428,-0.4963461293544469,False,93.84,0,0,0,0,25,2,21,0,0,532.0,600.0,666.0,219.0,508.57142857142856,475.7142857142857,477.3666666666667,134.67226532444968,93.84,95.72,95.03142857142858
2013-05-26,532.0,Sunday,6,5,2013,1,446.57142857142856,0.3118869037654427,False,93.84,0,0,0,0,26,2,21,0,0,392.0,758.0,548.0,491.0,478.85714285714283,456.14285714285717,483.1333333333333,134.08259714497902,93.84,95.72,94.76285714285713
2013-05-27,291.0,Monday,0,5,2013,0,431.1428571428572,-1.0794285318195105,False,94.245,0,0,0,0,27,2,22,0,0,532.0,399.0,331.0,755.0,446.57142857142856,455.0,484.5,65.16097283614025,93.84,96.29,94.49428571428572
2013-05-28,293.0,Tuesday,1,5,2013,0,409.57142857142856,-1.0678823456320832,False,94.65,0,0,0,0,28,2,22,0,0,291.0,444.0,409.0,719.0,431.14285714285717,452.14285714285717,469.03333333333336,87.32015531255844,94.245,95.55,94.20214285714285
2013-05-29,420.0,Wednesday,2,5,2013,0,404.57142857142856,-0.334699522730469,False,93.13,0,0,0,0,29,2,22,0,0,293.0,455.0,471.0,411.0,409.57142857142856,443.85714285714283,454.8333333333333,101.1679414683928,94.65,93.98,94.07357142857144
2013-05-30,271.0,Thursday,3,5,2013,0,390.1428571428572,-1.1948903936937805,False,93.57,0,0,0,0,30,2,22,0,0,420.0,372.0,252.0,369.0,404.57142857142856,440.2142857142857,455.1333333333333,99.397949581227,93.13,94.12,93.95214285714285
2013-05-31,488.0,Friday,4,5,2013,0,383.8571428571428,0.0578708076420488,False,91.93,0,0,0,0,31,2,22,0,1,271.0,532.0,423.0,705.0,390.14285714285717,441.57142857142856,451.8666666666667,111.50699316100881,93.57,93.84,93.87357142857142
2013-06-01,777.0,Saturday,5,6,2013,1,438.8571428571428,1.7262947117252498,False,91.93,0,0,0,0,1,2,22,1,0,488.0,392.0,600.0,327.0,383.85714285714283,446.2142857142857,444.6333333333333,103.10096761820063,91.93,93.84,93.60071428571428
2013-06-02,656.0,Sunday,6,6,2013,1,456.57142857142856,1.0277504473859165,False,91.93,0,0,0,0,2,2,22,0,0,777.0,532.0,758.0,350.0,438.85714285714283,458.85714285714283,459.6333333333333,181.24516413910013,91.93,93.84,93.32785714285716
2013-06-03,462.0,Monday,0,6,2013,0,481.0,-0.092229612794502,False,93.41,0,0,0,0,3,2,23,0,0,656.0,291.0,399.0,774.0,456.57142857142856,451.57142857142856,469.8333333333333,197.22141292031543,91.93,94.245,93.05499999999999
2013-06-04,370.0,Tuesday,1,6,2013,0,492.0,-0.6233541774161439,False,93.36,0,0,0,0,4,2,23,0,0,462.0,293.0,444.0,715.0,481.0,456.07142857142856,459.43333333333334,183.4011995598717,93.41,94.65,92.9357142857143
2013-06-05,459.0,Wednesday,2,6,2013,0,497.57142857142856,-0.1095488920756425,False,93.66,0,0,0,0,5,2,23,0,0,370.0,420.0,455.0,416.0,492.0,450.7857142857143,447.93333333333334,172.21401414131944,93.36,93.13,92.75142857142859
2013-06-06,280.0,Thursday,3,6,2013,0,498.8571428571428,-1.1429325558503587,False,94.71,0,0,0,0,6,2,23,0,0,459.0,271.0,372.0,351.0,497.57142857142856,451.07142857142856,449.3666666666667,170.11452724841666,93.66,93.57,92.82714285714287
2013-06-07,466.0,Friday,4,6,2013,0,495.7142857142857,-0.0691372404196481,False,96.11,0,0,0,0,7,2,23,0,0,280.0,488.0,532.0,418.0,498.85714285714283,444.5,447.0,168.13925634369102,94.71,91.93,92.99000000000001
2013-06-08,904.0,Saturday,5,6,2013,1,513.8571428571429,2.459477534626864,False,96.11,0,0,0,0,8,2,23,0,0,466.0,777.0,392.0,323.0,495.7142857142857,439.7857142857143,448.6,168.58105299401632,96.11,91.93,93.58714285714284
2013-06-09,794.0,Sunday,6,6,2013,1,533.5714285714286,1.8244372943183795,False,96.11,0,0,0,0,9,2,23,0,0,904.0,656.0,532.0,318.0,513.8571428571429,476.35714285714283,467.96666666666664,206.47391164618384,96.11,91.93,94.1842857142857
2013-06-10,511.0,Monday,0,6,2013,0,540.5714285714286,0.1906519487974593,False,95.82,0,0,0,0,10,2,24,0,0,794.0,462.0,291.0,666.0,533.5714285714286,495.07142857142856,483.8333333333333,227.79512516210488,96.11,93.41,94.78142857142856
2013-06-11,305.0,Tuesday,1,6,2013,0,531.2857142857143,-0.9986052285075212,False,95.5,0,0,0,0,11,2,24,0,0,511.0,370.0,293.0,548.0,540.5714285714286,510.7857142857143,478.6666666666667,225.97481949902965,95.82,93.36,95.12571428571428
2013-06-12,475.0,Wednesday,2,6,2013,0,533.5714285714286,-0.0171794025762266,False,95.98,0,0,0,0,12,2,24,0,0,305.0,459.0,420.0,331.0,531.2857142857143,511.64285714285717,470.56666666666666,235.29535643931592,95.5,93.66,95.43142857142857
2013-06-13,406.0,Thursday,3,6,2013,0,551.5714285714286,-0.415522826042458,False,96.66,0,0,0,0,13,2,24,0,0,475.0,280.0,271.0,409.0,533.5714285714286,515.5714285714286,475.3666666666667,234.55266440812895,95.98,94.71,95.76285714285713
2013-06-14,470.0,Friday,4,6,2013,0,552.1428571428571,-0.0460448680447941,False,97.83,0,0,0,0,14,2,24,0,0,406.0,466.0,488.0,471.0,551.5714285714286,525.2142857142857,475.26666666666665,215.9466424396369,96.66,96.11,96.04142857142857
2013-06-15,747.0,Saturday,5,6,2013,1,529.7142857142857,1.5531019189138449,False,97.83,0,0,0,0,15,2,24,0,0,470.0,904.0,777.0,252.0,552.1428571428571,523.9285714285714,475.23333333333335,215.68760478326718,97.83,96.11,96.28714285714285
2013-06-16,481.0,Sunday,6,6,2013,1,485.0,0.0174591559860543,False,97.83,0,0,0,0,16,2,24,0,0,747.0,794.0,656.0,423.0,529.7142857142857,521.7857142857143,491.73333333333335,177.8442336106836,97.83,96.11,96.53285714285714
2013-06-17,424.0,Monday,0,6,2013,0,472.57142857142856,-0.311607150355615,False,97.86,0,0,0,0,17,2,25,0,0,481.0,511.0,462.0,600.0,485.0,509.2857142857143,493.6666666666667,134.35152895792902,97.83,95.82,96.77857142857144
2013-06-18,560.0,Tuesday,1,6,2013,0,509.0,0.4735335103894207,False,98.46,0,0,0,0,18,2,25,0,0,424.0,305.0,370.0,758.0,472.57142857142856,506.57142857142856,487.8,135.56407727572574,97.86,95.5,97.07000000000001
2013-06-19,361.0,Wednesday,2,6,2013,0,492.7142857142857,-0.6753120152595654,False,98.24,0,0,0,0,19,2,25,0,0,560.0,475.0,459.0,399.0,509.0,520.1428571428571,481.2,115.85910984179569,98.46,95.98,97.49285714285713
2013-06-20,335.0,Thursday,3,6,2013,0,482.57142857142856,-0.8254124356961163,False,94.89,0,0,0,0,20,2,25,0,0,361.0,406.0,280.0,444.0,492.7142857142857,513.1428571428571,479.93333333333334,128.73191042591066,98.24,96.66,97.8157142857143
2013-06-21,473.0,Friday,4,6,2013,0,483.0,-0.0287255887636536,False,93.81,0,0,0,0,21,2,25,0,0,335.0,470.0,466.0,455.0,482.57142857142856,517.0714285714286,476.3,139.0837363399676,94.89,97.83,97.56285714285714
2013-06-22,502.0,Saturday,5,6,2013,1,448.0,0.1386941109540378,False,93.81,0,0,0,0,22,2,25,0,0,473.0,747.0,904.0,372.0,483.0,517.5714285714286,476.9,139.04315876734069,93.81,97.83,96.98857142857143
2013-06-23,770.0,Sunday,6,6,2013,1,489.2857142857143,1.6858830600692554,False,93.81,0,0,1,1,23,2,25,0,0,502.0,481.0,794.0,532.0,448.0,488.85714285714283,481.23333333333335,79.67433714816747,93.81,97.83,96.41428571428571
2013-06-24,484.0,Monday,0,6,2013,0,497.8571428571428,0.0347784352671948,False,95.07,0,0,0,0,24,2,26,0,0,770.0,424.0,511.0,392.0,489.2857142857143,487.14285714285717,489.1666666666667,146.4874446106947,93.81,97.86,95.84
2013-06-25,345.0,Tuesday,1,6,2013,0,467.1428571428572,-0.7676815047589813,False,95.25,0,1,1,1,25,2,26,0,0,484.0,560.0,305.0,532.0,497.85714285714283,485.2142857142857,492.23333333333335,143.76071388645366,95.07,98.46,95.44142857142856
2013-06-26,555.0,Wednesday,2,6,2013,0,494.8571428571428,0.4446680449208532,False,95.47,0,0,0,0,26,2,26,0,0,345.0,361.0,475.0,291.0,467.14285714285717,488.07142857142856,486.0,151.05344371163056,95.25,98.24,94.98285714285714
2013-06-27,352.0,Thursday,3,6,2013,0,497.2857142857143,-0.7272698531029869,False,97.0,0,0,0,0,27,2,26,0,0,555.0,335.0,406.0,293.0,494.85714285714283,493.7857142857143,494.8,146.04728523258981,95.47,94.89,94.58714285714287
2013-06-28,374.0,Friday,4,6,2013,0,483.1428571428572,-0.6002618050412899,False,96.36,0,0,0,0,28,2,26,0,0,352.0,473.0,470.0,420.0,497.2857142857143,489.92857142857144,496.76666666666665,143.05676528999956,97.0,93.81,94.88857142857144
2013-06-29,489.0,Saturday,5,6,2013,1,481.2857142857143,0.0636439007357623,False,96.36,0,0,0,0,29,2,26,0,0,374.0,502.0,747.0,271.0,483.14285714285717,483.07142857142856,495.23333333333335,150.5550049776142,96.36,93.81,95.25285714285714
2013-06-30,669.0,Sunday,6,6,2013,1,466.8571428571428,1.102800657604192,False,96.36,0,0,0,0,30,2,26,0,1,489.0,770.0,481.0,488.0,481.2857142857143,464.64285714285717,502.5,150.36368609221444,96.36,93.81,95.61714285714287
2013-07-01,422.0,Monday,0,7,2013,0,458.0,-0.323153336543042,False,97.94,0,0,0,0,1,3,27,1,0,669.0,484.0,424.0,777.0,466.85714285714283,478.07142857142856,508.53333333333336,119.77677650728492,96.36,95.07,95.98142857142855
2013-07-02,421.0,Tuesday,1,7,2013,0,468.8571428571428,-0.3289264296367555,False,99.65,0,0,0,0,2,3,27,0,0,422.0,345.0,560.0,656.0,458.0,477.92857142857144,496.7,120.58745097784103,97.94,95.25,96.39142857142858
2013-07-03,510.0,Wednesday,2,7,2013,0,462.4285714285714,0.1848788557037458,False,101.92,0,0,1,1,3,3,27,0,0,421.0,555.0,361.0,462.0,468.85714285714283,468.0,488.8666666666667,111.82043428555185,99.65,95.47,97.02
2013-07-04,463.0,Thursday,3,7,2013,0,478.2857142857143,-0.0864565197007885,False,102.505,0,0,0,0,4,3,27,0,0,510.0,352.0,335.0,370.0,462.42857142857144,478.64285714285717,490.46666666666664,107.24249335479041,101.92,97.0,97.94142857142857
2013-07-05,439.0,Friday,4,7,2013,0,487.57142857142856,-0.2250107539499125,False,103.09,0,0,0,0,5,3,27,0,0,463.0,374.0,473.0,459.0,478.2857142857143,487.7857142857143,493.56666666666666,95.78746314230271,102.505,96.36,98.72785714285715
2013-07-06,590.0,Saturday,5,7,2013,1,502.0,0.6467263032008257,False,103.09,0,0,0,0,6,3,27,0,0,439.0,489.0,502.0,280.0,487.57142857142856,485.35714285714283,492.9,86.71381501401972,103.09,96.36,99.6892857142857
2013-07-07,665.0,Sunday,6,7,2013,1,501.4285714285714,1.079708285229338,False,103.09,0,0,0,0,7,3,27,0,0,590.0,669.0,770.0,466.0,502.0,491.64285714285717,503.23333333333335,94.99824559783514,103.09,96.36,100.65071428571427
2013-07-08,265.0,Monday,0,7,2013,0,479.0,-1.2295289522560613,False,103.03,0,0,0,0,8,3,28,0,0,665.0,422.0,484.0,904.0,501.42857142857144,484.14285714285717,509.8666666666667,93.83115534983915,103.09,97.94,101.61214285714286
2013-07-09,393.0,Tuesday,1,7,2013,0,475.0,-0.4905730362607334,False,103.46,0,0,0,0,9,3,28,0,0,265.0,421.0,345.0,794.0,479.0,468.5,488.56666666666666,128.3835399626184,103.03,99.65,102.33928571428571
2013-07-10,550.0,Wednesday,2,7,2013,0,480.7142857142857,0.4158025794522857,False,106.41,0,0,0,0,10,3,28,0,0,393.0,510.0,555.0,511.0,475.0,471.92857142857144,475.2,130.90327217707954,103.46,101.92,102.88357142857144
2013-07-11,262.0,Thursday,3,7,2013,0,452.0,-1.2468482315372016,False,104.77,0,0,0,0,11,3,28,0,0,550.0,463.0,352.0,305.0,480.7142857142857,471.57142857142856,476.5,133.532410904262,106.41,102.505,103.52499999999999
2013-07-12,397.0,Friday,4,7,2013,0,446.0,-0.4674806638858794,False,105.85,0,0,0,0,12,3,28,0,0,262.0,439.0,374.0,475.0,452.0,465.14285714285717,475.06666666666666,157.4462871373384,104.77,103.09,103.84857142857142
2013-07-13,466.0,Saturday,5,7,2013,1,428.2857142857143,-0.0691372404196481,False,105.85,0,0,0,0,13,3,28,0,0,397.0,590.0,489.0,406.0,446.0,466.7857142857143,472.46666666666664,158.81855475143072,105.85,103.09,104.24285714285715
2013-07-14,449.0,Sunday,6,7,2013,1,397.4285714285714,-0.1672798230127775,False,105.85,0,0,0,0,14,3,28,0,0,466.0,665.0,669.0,470.0,428.2857142857143,465.14285714285717,474.46666666666664,146.51929825761727,105.85,103.09,104.63714285714286
2013-07-15,484.0,Monday,0,7,2013,0,428.7142857142857,0.0347784352671948,False,106.2,0,0,0,0,15,3,29,0,0,449.0,265.0,422.0,747.0,397.42857142857144,449.42857142857144,473.76666666666665,105.30726018475106,105.85,103.03,105.03142857142856
2013-07-16,443.0,Tuesday,1,7,2013,0,435.8571428571428,-0.2019183815750585,False,105.88,0,0,0,0,16,3,29,0,0,484.0,393.0,421.0,481.0,428.7142857142857,453.85714285714283,465.0,90.96100682108022,106.2,103.46,105.48428571428572
2013-07-17,469.0,Wednesday,2,7,2013,0,424.2857142857143,-0.0518179611385076,False,106.39,0,0,0,0,17,3,29,0,0,443.0,550.0,510.0,424.0,435.85714285714283,455.42857142857144,463.73333333333335,89.64267691122,105.88,106.41,105.83
2013-07-18,292.0,Thursday,3,7,2013,0,428.57142857142856,-1.0736554387257968,False,107.94,0,0,0,0,18,3,29,0,0,469.0,262.0,463.0,560.0,424.2857142857143,452.5,465.23333333333335,76.75440114571889,106.39,104.77,105.82714285714285
2013-07-19,278.0,Friday,4,7,2013,0,411.57142857142856,-1.1544787420377858,False,108.0,0,0,0,0,19,3,29,0,0,292.0,397.0,439.0,361.0,428.57142857142856,440.2857142857143,456.3,66.30951953492215,107.94,105.85,106.28
2013-07-20,605.0,Saturday,5,7,2013,1,431.4285714285714,0.7333226996065281,False,108.0,0,0,0,0,20,3,29,0,0,278.0,466.0,590.0,335.0,411.57142857142856,428.7857142857143,453.53333333333336,87.5915847229946,108.0,105.85,106.58714285714287
2013-07-21,817.0,Sunday,6,7,2013,1,484.0,1.9572184354737896,False,108.0,0,0,0,0,21,3,29,0,0,605.0,449.0,665.0,473.0,431.42857142857144,429.85714285714283,462.53333333333336,113.8168955572307,108.0,105.85,106.89428571428572
2013-07-22,295.0,Monday,0,7,2013,0,457.0,-1.0563361594446563,False,106.61,0,0,0,0,22,3,30,0,0,817.0,484.0,265.0,502.0,484.0,440.7142857142857,474.0,185.62327440275342,108.0,106.2,107.20142857142858
2013-07-23,470.0,Tuesday,1,7,2013,0,460.8571428571428,-0.0460448680447941,False,107.13,0,0,1,1,23,3,30,0,0,295.0,443.0,393.0,770.0,457.0,442.85714285714283,467.1,198.8944443668547,106.61,105.88,107.25999999999999
2013-07-24,431.0,Wednesday,2,7,2013,0,455.4285714285714,-0.2711954986996205,False,105.41,0,0,1,1,24,3,30,0,0,470.0,469.0,550.0,484.0,460.85714285714283,448.35714285714283,457.1,198.83949018528168,107.13,106.39,107.43857142857142
2013-07-25,282.0,Thursday,3,7,2013,0,454.0,-1.1313863696629318,False,105.47,0,0,1,1,25,3,30,0,0,431.0,292.0,262.0,345.0,455.42857142857144,439.85714285714283,455.3333333333333,199.09868335648426,105.41,107.94,107.29857142857144
2013-07-26,596.0,Friday,4,7,2013,0,499.4285714285714,0.6813648617631066,False,104.76,0,0,0,0,26,3,30,0,0,282.0,278.0,397.0,555.0,454.0,441.2857142857143,453.23333333333335,200.49771403518096,105.47,108.0,106.94571428571427
2013-07-27,548.0,Saturday,5,7,2013,1,491.2857142857143,0.4042563932648587,False,104.76,0,0,0,0,27,3,30,0,0,596.0,605.0,466.0,352.0,499.42857142857144,455.5,454.6,189.70930142620566,104.76,108.0,106.48285714285714
2013-07-28,700.0,Sunday,6,7,2013,1,474.57142857142856,1.2817665435093104,False,104.76,0,0,0,0,28,3,30,0,0,548.0,817.0,449.0,374.0,491.2857142857143,461.35714285714283,461.1333333333333,185.60146756398416,104.76,108.0,106.02
2013-07-29,414.0,Monday,0,7,2013,0,491.57142857142856,-0.36933808129275,False,104.61,0,0,0,0,29,3,31,0,0,700.0,295.0,484.0,489.0,474.57142857142856,479.2857142857143,472.0,153.9500537434753,104.76,106.61,105.55714285714285
2013-07-30,353.0,Tuesday,1,7,2013,0,474.8571428571428,-0.7214967600092733,False,103.14,0,0,0,0,30,3,31,0,0,414.0,470.0,443.0,669.0,491.57142857142856,474.2857142857143,469.5,136.38408648965958,104.61,107.13,105.27142857142857
2013-07-31,570.0,Wednesday,2,7,2013,0,494.7142857142857,0.5312644413265557,False,105.1,0,0,0,0,31,3,31,0,1,353.0,431.0,469.0,422.0,474.85714285714283,467.85714285714283,458.96666666666664,146.27876192556485,103.14,105.41,104.70142857142856
2013-08-01,462.0,Thursday,3,8,2013,0,520.4285714285714,-0.092229612794502,False,107.93,0,0,0,0,1,3,31,1,0,570.0,282.0,292.0,421.0,494.7142857142857,475.07142857142856,463.9,148.7466686301624,105.1,105.47,104.65714285714286
2013-08-02,464.0,Friday,4,8,2013,0,501.57142857142856,-0.080683426607075,False,106.94,0,0,0,0,2,3,31,0,0,462.0,596.0,278.0,510.0,520.4285714285714,487.2142857142857,465.26666666666665,118.28476535161087,107.93,104.76,105.00857142857144
2013-08-03,657.0,Saturday,5,8,2013,1,517.1428571428571,1.03352354047963,False,106.94,0,0,0,0,3,3,31,0,0,464.0,548.0,605.0,463.0,501.57142857142856,500.5,463.73333333333335,114.69649390581048,106.94,104.76,105.32000000000001
2013-08-04,681.0,Sunday,6,8,2013,1,514.4285714285714,1.172077774728754,False,106.94,0,0,0,0,4,3,31,0,0,657.0,700.0,817.0,439.0,517.1428571428571,504.2142857142857,470.2,128.60589485119303,106.94,104.76,105.63142857142857
2013-08-05,461.0,Monday,0,8,2013,0,521.1428571428571,-0.0980027058882155,False,106.61,0,0,1,1,5,3,32,0,0,681.0,414.0,295.0,590.0,514.4285714285714,494.5,478.26666666666665,124.22943443867199,106.94,104.61,105.94285714285715
2013-08-06,328.0,Tuesday,1,8,2013,0,517.5714285714286,-0.8658240873521108,False,105.32,0,0,0,0,6,3,32,0,0,461.0,353.0,470.0,665.0,521.1428571428571,506.35714285714283,473.96666666666664,119.05940894000267,106.61,103.14,106.22857142857141
2013-08-07,403.0,Wednesday,2,8,2013,0,493.7142857142857,-0.4328421053235984,False,104.41,0,0,0,0,7,3,32,0,0,328.0,570.0,431.0,265.0,517.5714285714286,496.2142857142857,462.73333333333335,125.16237073345557,105.32,105.1,106.53999999999999
2013-08-08,360.0,Thursday,3,8,2013,0,479.1428571428572,-0.6810851083532788,False,103.45,0,0,0,0,8,3,32,0,0,403.0,462.0,282.0,393.0,493.7142857142857,494.2142857142857,467.3333333333333,129.34928718488558,104.41,107.93,106.44142857142856
2013-08-09,347.0,Friday,4,8,2013,0,462.4285714285714,-0.7561353185715544,False,106.04,0,0,0,0,9,3,32,0,0,360.0,464.0,596.0,550.0,479.14285714285717,499.7857142857143,466.23333333333335,138.9093572219288,103.45,106.94,105.80142857142857
2013-08-10,570.0,Saturday,5,8,2013,1,450.0,0.5312644413265557,False,106.04,1,0,0,1,10,3,32,0,0,347.0,657.0,548.0,262.0,462.42857142857144,482.0,459.46666666666664,147.79023100649198,106.04,106.94,105.67285714285713
2013-08-11,662.0,Sunday,6,8,2013,1,447.2857142857143,1.0623890059481975,False,106.04,0,0,0,0,11,3,32,0,0,570.0,681.0,700.0,397.0,450.0,483.57142857142856,469.73333333333335,131.4559495293634,106.04,106.94,105.54428571428572
2013-08-12,423.0,Monday,0,8,2013,0,441.8571428571428,-0.3173802434493285,False,106.19,0,0,0,0,12,3,33,0,0,662.0,461.0,414.0,466.0,447.2857142857143,480.85714285714283,478.56666666666666,125.97316418681389,106.04,106.61,105.41571428571429
2013-08-13,405.0,Tuesday,1,8,2013,0,452.8571428571428,-0.4212959191361715,False,106.78,0,0,0,0,13,3,33,0,0,423.0,328.0,353.0,449.0,441.85714285714283,481.5,477.1333333333333,126.10237715368174,106.19,105.32,105.35571428571428
2013-08-14,454.0,Wednesday,2,8,2013,0,460.1428571428572,-0.13841435754421,False,106.89,0,0,0,0,14,3,33,0,0,405.0,403.0,570.0,484.0,452.85714285714283,485.2142857142857,475.6666666666667,117.58603739592583,106.78,104.41,105.56428571428572
2013-08-15,339.0,Thursday,3,8,2013,0,457.1428571428572,-0.8023200633212624,False,107.43,0,0,1,1,15,3,33,0,0,454.0,360.0,462.0,443.0,460.14285714285717,476.92857142857144,474.6666666666667,115.54426074226306,106.89,103.45,105.91857142857144
2013-08-16,469.0,Friday,4,8,2013,0,474.57142857142856,-0.0518179611385076,False,107.58,0,0,0,0,16,3,33,0,0,339.0,347.0,464.0,469.0,457.14285714285717,468.14285714285717,471.2,118.80436099098414,107.43,106.04,106.48714285714286
2013-08-17,495.0,Saturday,5,8,2013,1,463.8571428571428,0.0982824592980433,False,107.58,0,0,0,0,17,3,33,0,0,469.0,570.0,657.0,292.0,474.57142857142856,468.5,471.2,108.45099837078008,107.58,106.04,106.70714285714287
2013-08-18,681.0,Sunday,6,8,2013,1,466.57142857142856,1.172077774728754,False,107.58,0,0,0,0,18,3,33,0,0,495.0,662.0,681.0,278.0,463.85714285714283,456.92857142857144,477.96666666666664,100.89339022193711,107.58,106.04,106.92714285714285
2013-08-19,376.0,Monday,0,8,2013,0,459.8571428571428,-0.5887156188538629,False,107.14,0,0,0,0,19,3,34,0,0,681.0,423.0,461.0,605.0,466.57142857142856,456.92857142857144,491.4,107.17253557209641,107.58,106.19,107.14714285714285
2013-08-20,338.0,Tuesday,1,8,2013,0,450.2857142857143,-0.8080931564149758,False,104.9,0,0,0,0,20,3,34,0,0,376.0,405.0,328.0,817.0,459.85714285714283,450.85714285714283,483.76666666666665,111.73246107171693,107.14,106.78,107.28285714285713
2013-08-21,330.0,Wednesday,2,8,2013,0,432.57142857142856,-0.8542779011646838,False,103.93,0,0,0,0,21,3,34,0,0,338.0,454.0,403.0,295.0,450.2857142857143,451.57142857142856,467.8,119.79387058013987,104.9,106.89,107.01428571428572
2013-08-22,358.0,Thursday,3,8,2013,0,435.2857142857143,-0.6926312945407059,False,104.93,0,0,0,0,22,3,34,0,0,330.0,339.0,360.0,470.0,432.57142857142856,446.35714285714283,468.96666666666664,128.0375688913957,103.93,107.43,106.59142857142857
2013-08-23,347.0,Friday,4,8,2013,0,417.8571428571428,-0.7561353185715544,False,106.48,0,0,0,0,23,3,34,0,0,358.0,469.0,347.0,431.0,435.2857142857143,446.2142857142857,465.23333333333335,125.9069951534516,104.93,107.58,106.23428571428573
2013-08-24,644.0,Saturday,5,8,2013,1,439.1428571428572,0.9584733302613544,False,106.48,0,0,1,1,24,3,34,0,0,347.0,495.0,570.0,282.0,417.85714285714283,446.2142857142857,462.43333333333334,128.87129053365362,106.48,107.58,106.07714285714285
2013-08-25,813.0,Sunday,6,8,2013,1,458.0,1.934126063098936,False,106.48,0,0,0,0,25,3,34,0,0,644.0,681.0,662.0,596.0,439.14285714285717,451.5,474.5,153.6580929330095,106.48,107.58,105.91999999999999
2013-08-26,636.0,Monday,0,8,2013,0,495.1428571428572,0.9122885855116466,False,105.88,0,0,0,0,26,3,35,0,0,813.0,376.0,423.0,548.0,458.0,462.2857142857143,481.73333333333335,191.68115887240077,106.48,107.14,105.76285714285714
2013-08-27,386.0,Tuesday,1,8,2013,0,502.0,-0.5309846879167279,False,109.11,0,0,0,0,27,3,35,0,0,636.0,338.0,405.0,700.0,495.14285714285717,477.5,484.6666666666667,198.222458003988,105.88,104.9,105.58285714285715
2013-08-28,613.0,Wednesday,2,8,2013,0,542.4285714285714,0.7795074443562361,False,110.17,0,0,0,0,28,3,35,0,0,386.0,330.0,454.0,414.0,502.0,476.14285714285717,474.2,192.6317730801436,109.11,103.93,106.1842857142857
2013-08-29,432.0,Thursday,3,8,2013,0,553.0,-0.265422405605907,False,108.51,0,0,0,0,29,3,35,0,0,613.0,358.0,339.0,353.0,542.4285714285714,487.5,480.8333333333333,179.7858514481948,110.17,104.93,107.07571428571428
2013-08-30,410.0,Friday,4,8,2013,0,562.0,-0.392430453667604,False,107.98,0,0,0,0,30,3,35,0,0,432.0,347.0,469.0,570.0,553.0,494.14285714285717,483.46666666666664,168.98520645310938,108.51,106.48,107.58714285714287
2013-08-31,493.0,Saturday,5,8,2013,1,540.4285714285714,0.0867362731106163,False,107.98,0,0,0,0,31,3,35,0,1,410.0,644.0,495.0,462.0,562.0,489.92857142857144,478.1333333333333,157.4706321826391,107.98,106.48,107.80142857142859
2013-09-01,711.0,Sunday,6,9,2013,1,525.8571428571429,1.3452705675401588,False,107.98,0,0,0,0,1,3,35,1,0,493.0,813.0,681.0,464.0,540.4285714285714,489.7857142857143,479.1666666666667,154.68339400514964,107.98,106.48,108.01571428571428
2013-09-02,583.0,Monday,0,9,2013,0,518.2857142857143,0.6063146515448312,False,108.325,0,0,0,0,2,3,36,0,0,711.0,636.0,376.0,657.0,525.8571428571429,491.92857142857144,487.4,127.0661619937011,107.98,105.88,108.23
2013-09-03,345.0,Tuesday,1,9,2013,0,512.4285714285714,-0.7676815047589813,False,108.67,0,0,0,0,3,3,36,0,0,583.0,386.0,338.0,681.0,518.2857142857143,506.7142857142857,484.93333333333334,120.83558290188387,108.325,109.11,108.57928571428572
2013-09-04,670.0,Wednesday,2,9,2013,0,520.5714285714286,1.1085737506979054,False,107.29,0,0,0,0,4,3,36,0,0,345.0,613.0,330.0,461.0,512.4285714285714,507.2142857142857,473.73333333333335,129.0321111750314,108.67,110.17,108.51642857142858
2013-09-05,331.0,Thursday,3,9,2013,0,506.1428571428572,-0.8485048080709703,False,108.5,0,0,0,0,5,3,36,0,0,670.0,432.0,358.0,328.0,520.5714285714286,531.5,480.7,137.92855293334182,107.29,108.51,108.105
2013-09-06,415.0,Friday,4,9,2013,0,506.8571428571428,-0.3635649881990365,False,110.62,0,0,0,0,6,3,36,0,0,331.0,410.0,347.0,403.0,506.14285714285717,529.5714285714286,480.8,153.1779233129766,108.5,107.98,108.10357142857143
2013-09-07,791.0,Saturday,5,9,2013,1,549.4285714285714,1.8071180150372388,False,110.62,0,0,0,0,7,3,36,0,0,415.0,493.0,644.0,360.0,506.85714285714283,534.4285714285714,481.2,152.66567893213414,110.62,107.98,108.4807142857143
2013-09-08,786.0,Sunday,6,9,2013,1,560.1428571428571,1.7782525495686712,False,110.62,0,0,0,0,8,3,36,0,0,791.0,711.0,813.0,347.0,549.4285714285714,544.9285714285714,495.56666666666666,186.05541929118604,110.62,107.98,108.85785714285716
2013-09-09,541.0,Monday,0,9,2013,0,554.1428571428571,0.3638447416088642,False,109.62,0,0,0,0,9,3,37,0,0,786.0,583.0,636.0,570.0,560.1428571428571,543.0,510.2,198.6440942753552,110.62,108.325,109.23500000000001
2013-09-10,342.0,Tuesday,1,9,2013,0,553.7142857142857,-0.7850007840401219,False,107.48,0,0,0,0,10,3,37,0,0,541.0,345.0,386.0,662.0,554.1428571428571,536.2142857142857,509.23333333333335,198.4728600853935,109.62,108.67,109.42
2013-09-11,435.0,Wednesday,2,9,2013,0,520.1428571428571,-0.2481031263247665,False,107.65,0,0,0,0,11,3,37,0,0,342.0,670.0,613.0,423.0,553.7142857142857,533.0714285714286,498.56666666666666,199.00227325813333,107.48,107.29,109.25
2013-09-12,621.0,Thursday,3,9,2013,0,561.5714285714286,0.8256921891059441,False,108.72,0,0,0,0,12,3,37,0,0,435.0,331.0,432.0,405.0,520.1428571428571,520.3571428571429,498.96666666666664,195.91361069905994,107.65,108.5,109.30142857142857
2013-09-13,323.0,Friday,4,9,2013,0,548.4285714285714,-0.8946895528206783,False,108.31,0,0,0,0,13,3,37,0,0,621.0,415.0,410.0,454.0,561.5714285714286,533.8571428571429,506.1666666666667,179.19994153910613,108.72,110.62,109.33285714285714
2013-09-14,632.0,Saturday,5,9,2013,1,525.7142857142857,0.8891962131367925,False,108.31,0,0,0,0,14,3,37,0,0,323.0,791.0,493.0,339.0,548.4285714285714,527.6428571428571,501.8,194.46495583425576,108.31,110.62,109.00285714285714
2013-09-15,710.0,Sunday,6,9,2013,1,514.8571428571429,1.3394974744464454,False,108.31,0,0,0,0,15,3,37,0,0,632.0,786.0,711.0,469.0,525.7142857142857,537.5714285714286,511.56666666666666,169.03225953025867,108.31,110.62,108.67285714285715
2013-09-16,524.0,Monday,0,9,2013,0,512.4285714285714,0.2657021590157348,False,106.54,0,0,0,0,16,3,38,0,0,710.0,541.0,583.0,495.0,514.8571428571429,537.5,519.6,151.00709538674934,108.31,109.62,108.34285714285714
2013-09-17,314.0,Tuesday,1,9,2013,0,508.4285714285714,-0.9466473906640998,False,105.36,0,0,0,0,17,3,38,0,0,524.0,342.0,345.0,681.0,512.4285714285714,533.2857142857143,520.5666666666667,150.6528649388576,106.54,107.48,107.90285714285713
2013-09-18,414.0,Wednesday,2,9,2013,0,505.4285714285714,-0.36933808129275,False,108.23,0,0,0,0,18,3,38,0,0,314.0,435.0,670.0,376.0,508.42857142857144,531.0714285714286,508.3333333333333,156.20164013528256,105.36,107.65,107.6
2013-09-19,372.0,Thursday,3,9,2013,0,469.8571428571428,-0.6118079912287169,False,106.26,0,0,0,0,19,3,38,0,0,414.0,621.0,331.0,338.0,505.42857142857144,512.7857142857143,509.6,158.0378194640521,108.23,108.72,107.68285714285715
2013-09-20,346.0,Friday,4,9,2013,0,473.1428571428572,-0.7619084116652679,False,104.7,0,0,0,0,20,3,38,0,0,372.0,323.0,415.0,330.0,469.85714285714283,515.7142857142857,510.73333333333335,155.69460338691712,106.26,108.31,107.33142857142856
2013-09-21,726.0,Saturday,5,9,2013,1,486.57142857142856,1.4318669639458614,False,104.7,0,0,0,0,21,3,38,0,0,346.0,632.0,791.0,358.0,473.14285714285717,510.7857142857143,511.26666666666665,152.2841954717432,104.7,108.31,106.8157142857143
2013-09-22,866.0,Sunday,6,9,2013,1,508.8571428571428,2.240099997065751,False,104.7,0,0,0,0,22,3,38,0,0,726.0,710.0,786.0,347.0,486.57142857142856,506.14285714285717,523.5333333333333,171.5525741989482,104.7,108.31,106.30000000000003
2013-09-23,516.0,Monday,0,9,2013,0,507.7142857142857,0.2195174142660268,False,103.62,0,0,0,0,23,3,39,0,0,866.0,524.0,541.0,644.0,508.85714285714283,511.85714285714283,540.8333333333334,211.00981696864912,104.7,106.54,105.78428571428572
2013-09-24,306.0,Tuesday,1,9,2013,0,506.57142857142856,-0.9928321354138078,False,103.22,0,0,0,0,24,3,39,0,0,516.0,314.0,342.0,813.0,507.7142857142857,510.07142857142856,536.5666666666667,210.93578350271608,103.62,105.36,105.36714285714287
2013-09-25,486.0,Wednesday,2,9,2013,0,516.8571428571429,0.0463246214546218,False,102.68,0,0,0,0,25,3,39,0,0,306.0,414.0,435.0,636.0,506.57142857142856,507.5,519.6666666666666,212.17827185557664,103.22,108.23,105.06142857142858
2013-09-26,428.0,Thursday,3,9,2013,0,524.8571428571429,-0.288514777980761,False,103.1,0,0,0,0,26,3,39,0,0,486.0,372.0,621.0,386.0,516.8571428571429,511.14285714285717,514.6666666666666,208.65875536501252,102.68,106.26,104.26857142857143
2013-09-27,370.0,Friday,4,9,2013,0,528.2857142857143,-0.6233541774161439,False,102.86,0,0,0,0,27,3,39,0,0,428.0,346.0,323.0,613.0,524.8571428571429,497.35714285714283,516.0666666666667,203.18089523987277,103.1,104.7,103.81714285714285
2013-09-28,609.0,Saturday,5,9,2013,1,511.57142857142856,0.7564150719813821,False,102.86,0,0,1,1,28,3,39,0,0,370.0,726.0,632.0,432.0,528.2857142857143,500.7142857142857,507.96666666666664,199.83469358923824,102.86,104.7,103.55428571428571
2013-09-29,764.0,Sunday,6,9,2013,1,497.0,1.6512445015069743,False,102.86,0,0,0,0,29,3,39,0,0,609.0,866.0,710.0,410.0,511.57142857142856,499.07142857142856,513.8666666666667,184.87460357663787,102.86,104.7,103.29142857142858
2013-09-30,416.0,Monday,0,9,2013,0,482.7142857142857,-0.357791895105323,False,102.36,0,0,0,0,30,3,40,0,1,764.0,516.0,524.0,493.0,497.0,502.92857142857144,525.6666666666666,153.6695589026443,102.86,103.62,103.02857142857144
2013-10-01,336.0,Tuesday,1,10,2013,0,487.0,-0.8196393426024028,False,102.09,0,0,0,0,1,4,40,1,0,416.0,306.0,314.0,711.0,482.7142857142857,495.2142857142857,523.1,156.23562791044603,102.36,103.22,102.84857142857143
2013-10-02,407.0,Wednesday,2,10,2013,0,475.7142857142857,-0.4097497329487444,False,104.15,0,0,0,0,2,4,40,0,0,336.0,486.0,414.0,583.0,487.0,496.7857142857143,510.6,150.90062955468383,102.09,102.68,102.68714285714285
2013-10-03,303.0,Thursday,3,10,2013,0,457.8571428571428,-1.0101514146949482,False,103.29,0,0,0,0,3,4,40,0,0,407.0,428.0,372.0,345.0,475.7142857142857,496.2857142857143,504.73333333333335,153.91200330677484,104.15,103.1,102.89714285714287
2013-10-04,550.0,Friday,4,10,2013,0,483.57142857142856,0.4158025794522857,False,103.83,0,0,0,0,4,4,40,0,0,303.0,370.0,346.0,670.0,457.85714285714283,491.35714285714283,503.3333333333333,167.0602970700781,103.29,102.86,102.92428571428572
2013-10-05,678.0,Saturday,5,10,2013,1,493.4285714285714,1.1547584954476136,False,103.83,0,0,0,0,5,4,40,0,0,550.0,609.0,726.0,331.0,483.57142857142856,505.92857142857144,499.3333333333333,165.12506083052816,103.83,102.86,103.06285714285715
2013-10-06,719.0,Sunday,6,10,2013,1,487.0,1.391455312289867,False,103.83,0,0,0,0,6,4,40,0,0,678.0,764.0,866.0,415.0,493.42857142857144,502.5,510.9,175.58839857543447,103.83,102.86,103.20142857142856
2013-10-07,515.0,Monday,0,10,2013,0,501.1428571428572,0.2137443211723133,False,103.07,0,0,1,1,7,4,41,0,0,719.0,416.0,516.0,791.0,487.0,492.0,521.0333333333333,164.5053190629407,103.83,102.36,103.34
2013-10-08,346.0,Tuesday,1,10,2013,0,502.57142857142856,-0.7619084116652679,False,103.54,0,0,0,0,8,4,41,0,0,515.0,336.0,306.0,786.0,501.14285714285717,491.92857142857144,511.8333333333333,161.61417901020565,103.07,102.09,103.44142857142856
2013-10-09,601.0,Wednesday,2,10,2013,0,530.2857142857143,0.7102303272316741,False,101.63,1,0,0,1,9,4,41,0,0,346.0,407.0,486.0,541.0,502.57142857142856,494.7857142857143,497.1666666666667,159.94671731846304,103.54,104.15,103.64857142857144
2013-10-10,277.0,Thursday,3,10,2013,0,526.5714285714286,-1.1602518351314992,False,103.08,0,0,0,0,10,4,41,0,0,601.0,303.0,428.0,342.0,530.2857142857143,503.0,499.1666666666667,157.41422456448487,101.63,103.29,103.28857142857143
2013-10-11,221.0,Friday,4,10,2013,0,479.57142857142856,-1.483545048379455,False,102.17,1,0,0,1,11,4,41,0,0,277.0,550.0,370.0,435.0,526.5714285714286,492.2142857142857,497.0,163.8463275377847,103.08,103.83,103.25857142857141
2013-10-12,558.0,Saturday,5,10,2013,1,462.4285714285714,0.4619873242019937,False,102.17,0,0,0,0,12,4,41,0,0,221.0,678.0,609.0,621.0,479.57142857142856,481.57142857142856,489.8666666666667,199.34714874882366,102.17,103.83,103.02142857142857
2013-10-13,485.0,Sunday,6,10,2013,1,429.0,0.0405515283609083,False,102.17,0,0,0,0,13,4,41,0,0,558.0,719.0,764.0,323.0,462.42857142857144,477.92857142857144,487.76666666666665,184.00892835481005,102.17,103.83,102.78428571428572
2013-10-14,276.0,Monday,0,10,2013,0,394.8571428571428,-1.1660249282252126,False,102.46,0,0,0,0,14,4,42,0,0,485.0,515.0,416.0,632.0,429.0,458.0,493.1666666666667,147.20394016465679,102.17,103.07,102.54714285714284
2013-10-15,345.0,Tuesday,1,10,2013,0,394.7142857142857,-0.7676815047589813,False,101.15,0,0,0,0,15,4,42,0,0,276.0,346.0,336.0,710.0,394.85714285714283,448.0,481.3,151.5843313928235,102.46,103.54,102.46000000000001
2013-10-16,396.0,Wednesday,2,10,2013,0,365.4285714285714,-0.4732537569795929,False,102.34,0,0,0,0,16,4,42,0,0,345.0,601.0,407.0,524.0,394.7142857142857,448.64285714285717,469.1333333333333,151.63851125369803,101.15,101.63,102.11857142857141
2013-10-17,329.0,Thursday,3,10,2013,0,372.8571428571428,-0.8600509942583974,False,100.72,0,0,0,0,17,4,42,0,0,396.0,277.0,303.0,314.0,365.42857142857144,447.85714285714283,464.8666666666667,122.07218785464123,102.34,103.08,102.22
2013-10-18,427.0,Friday,4,10,2013,0,402.2857142857143,-0.2942878710744745,False,100.87,0,0,0,0,18,4,42,0,0,329.0,221.0,550.0,414.0,372.85714285714283,449.7142857142857,465.3666666666667,117.28232116198348,100.72,102.17,101.88285714285715
2013-10-19,737.0,Saturday,5,10,2013,1,427.8571428571428,1.49537098797671,False,100.87,0,0,0,0,19,4,42,0,0,427.0,558.0,678.0,372.0,402.2857142857143,440.92857142857144,465.8,96.90152094732355,100.87,102.17,101.69714285714285
2013-10-20,904.0,Sunday,6,10,2013,1,487.7142857142857,2.459477534626864,False,100.87,0,0,0,0,20,4,42,0,0,737.0,485.0,719.0,346.0,427.85714285714283,445.14285714285717,477.96666666666664,152.50620596271722,100.87,102.17,101.51142857142858
2013-10-21,394.0,Monday,0,10,2013,0,504.57142857142856,-0.4847999431670199,False,99.28,0,0,0,0,21,4,43,0,0,904.0,276.0,515.0,726.0,487.7142857142857,458.35714285714283,496.56666666666666,237.31674634386434,100.87,102.46,101.3257142857143
2013-10-22,351.0,Tuesday,1,10,2013,0,505.4285714285714,-0.7330429461967004,False,97.63,0,0,0,0,22,4,43,0,0,394.0,345.0,346.0,866.0,504.57142857142856,449.7142857142857,485.5,223.56420192184697,99.28,101.15,100.87142857142858
2013-10-23,310.0,Wednesday,2,10,2013,0,493.1428571428572,-0.9697397630389538,False,96.9,0,0,0,0,23,4,43,0,0,351.0,396.0,601.0,516.0,505.42857142857144,450.07142857142856,468.3333333333333,222.86083635522945,97.63,102.34,100.36857142857143
2013-10-24,384.0,Thursday,3,10,2013,0,501.0,-0.5425308741041549,False,96.65,0,0,0,0,24,4,43,0,0,310.0,329.0,277.0,306.0,493.14285714285717,429.2857142857143,461.46666666666664,232.07859916518834,96.9,100.72,99.59142857142857
2013-10-25,297.0,Friday,4,10,2013,0,482.4285714285714,-1.0447899732572292,False,97.4,0,0,0,0,25,4,43,0,0,384.0,427.0,221.0,486.0,501.0,436.92857142857144,464.06666666666666,226.45823750381285,96.65,100.87,99.01
2013-10-26,531.0,Saturday,5,10,2013,1,453.0,0.3061138106717292,False,97.4,0,0,0,0,26,4,43,0,0,297.0,737.0,558.0,428.0,482.42857142857144,442.35714285714283,457.76666666666665,238.54619199284164,97.4,100.87,98.51428571428572
2013-10-27,801.0,Sunday,6,10,2013,1,438.2857142857143,1.8648489459743736,False,97.4,0,0,0,0,27,4,43,0,0,531.0,904.0,485.0,370.0,453.0,440.42857142857144,461.2,213.27447104611446,97.4,100.87,98.01857142857143
2013-10-28,297.0,Monday,0,10,2013,0,424.4285714285714,-1.0447899732572292,False,98.74,0,0,0,0,28,4,44,0,0,801.0,394.0,276.0,609.0,438.2857142857143,463.0,475.56666666666666,177.53094968269053,97.4,99.28,97.52285714285713
2013-10-29,352.0,Tuesday,1,10,2013,0,424.57142857142856,-0.7272698531029869,False,98.29,0,0,0,0,29,4,44,0,0,297.0,351.0,345.0,764.0,424.42857142857144,464.5,465.1666666666667,185.1844640197595,98.74,97.63,97.44571428571429
2013-10-30,497.0,Wednesday,2,10,2013,0,451.2857142857143,0.1098286454854703,False,96.81,0,0,0,0,30,4,44,0,0,352.0,310.0,396.0,416.0,424.57142857142856,465.0,451.43333333333334,185.11875210510757,98.29,96.9,97.54
2013-10-31,224.0,Thursday,3,10,2013,0,428.4285714285714,-1.4662257690983147,False,96.29,0,0,0,0,31,4,44,0,1,497.0,384.0,329.0,336.0,451.2857142857143,472.2142857142857,454.1333333333333,179.22863823034723,96.81,96.65,97.52714285714286
2013-11-01,375.0,Friday,4,11,2013,0,439.57142857142856,-0.5944887119475765,False,94.56,0,0,0,0,1,4,44,1,0,224.0,297.0,427.0,407.0,428.42857142857144,464.7142857142857,450.4,198.41526918969453,96.29,97.4,97.47571428571428
2013-11-02,549.0,Saturday,5,11,2013,1,442.1428571428572,0.4100294863585722,False,94.56,1,0,0,1,2,4,44,0,0,375.0,531.0,737.0,303.0,439.57142857142856,461.0,449.3333333333333,191.88699551459695,94.56,97.4,97.07000000000001
2013-11-03,860.0,Sunday,6,11,2013,1,450.57142857142856,2.20546143850347,False,94.56,1,0,0,1,3,4,44,0,0,549.0,801.0,904.0,550.0,442.14285714285717,447.57142857142856,457.53333333333336,193.43080465757282,94.56,97.4,96.66428571428573
2013-11-04,406.0,Monday,0,11,2013,0,466.1428571428572,-0.415522826042458,False,94.58,0,0,0,0,4,4,45,0,0,860.0,297.0,394.0,678.0,450.57142857142856,444.42857142857144,467.8666666666667,212.06198554735272,94.56,98.74,96.25857142857144
2013-11-05,475.0,Tuesday,1,11,2013,0,483.7142857142857,-0.0171794025762266,False,93.4,0,0,0,0,5,4,45,0,0,406.0,352.0,351.0,719.0,466.14285714285717,445.2857142857143,458.8,202.7012815050992,94.58,98.29,95.66428571428573
2013-11-06,295.0,Wednesday,2,11,2013,0,454.8571428571428,-1.0563361594446563,False,94.74,0,1,0,1,6,4,45,0,0,475.0,497.0,310.0,515.0,483.7142857142857,454.14285714285717,450.6666666666667,196.39052445379858,93.4,96.81,94.96571428571428
2013-11-07,389.0,Thursday,3,11,2013,0,478.4285714285714,-0.5136654086355874,False,94.25,0,1,0,1,7,4,45,0,0,295.0,224.0,384.0,346.0,454.85714285714283,453.07142857142856,443.3333333333333,208.5756685805165,94.74,96.29,94.67
2013-11-08,379.0,Friday,4,11,2013,0,479.0,-0.5713963395727224,False,94.56,0,0,0,0,8,4,45,0,0,389.0,375.0,297.0,601.0,478.42857142857144,453.42857142857144,444.76666666666665,186.26849540636854,94.25,94.56,94.37857142857145
2013-11-09,644.0,Saturday,5,11,2013,1,492.57142857142856,0.9584733302613544,False,94.56,0,0,0,0,9,4,45,0,0,379.0,549.0,531.0,277.0,479.0,459.2857142857143,437.3666666666667,185.9040971397169,94.56,94.56,94.37857142857142
2013-11-10,695.0,Sunday,6,11,2013,1,469.0,1.252901078040743,False,94.56,0,0,1,1,10,4,45,0,0,644.0,860.0,801.0,221.0,492.57142857142856,467.35714285714283,449.6,195.1058320868079,94.56,94.56,94.37857142857142
2013-11-11,612.0,Monday,0,11,2013,0,498.4285714285714,0.7737343512625227,False,95.13,0,0,1,1,11,4,46,0,0,695.0,406.0,297.0,558.0,469.0,459.7857142857143,465.4,147.46864073422506,94.56,94.58,94.37857142857142
2013-11-12,314.0,Tuesday,1,11,2013,0,475.4285714285714,-0.9466473906640998,False,93.12,0,0,1,1,12,4,46,0,0,612.0,475.0,352.0,485.0,498.42857142857144,482.2857142857143,467.2,153.2425714815752,95.13,93.4,94.45714285714284
2013-11-13,343.0,Wednesday,2,11,2013,0,482.2857142857143,-0.7792276909464083,False,93.91,0,0,0,0,13,4,46,0,0,314.0,295.0,497.0,276.0,475.42857142857144,479.57142857142856,461.5,168.65236152399112,93.12,94.74,94.41714285714285
2013-11-14,295.0,Thursday,3,11,2013,0,468.8571428571428,-1.0563361594446563,False,93.76,0,0,0,0,14,4,46,0,0,343.0,389.0,224.0,345.0,482.2857142857143,468.57142857142856,463.73333333333335,160.89097166063956,93.91,94.25,94.29857142857142
2013-11-15,400.0,Friday,4,11,2013,0,471.8571428571428,-0.450161384604739,False,93.8,0,0,0,0,15,4,46,0,0,295.0,379.0,375.0,396.0,468.85714285714283,473.64285714285717,462.06666666666666,173.41033088355147,93.76,94.56,94.22857142857143
2013-11-16,683.0,Saturday,5,11,2013,1,477.4285714285714,1.183623960916181,False,93.8,0,0,0,0,16,4,46,0,0,400.0,644.0,549.0,329.0,471.85714285714283,475.42857142857144,462.2,171.77061115669002,93.8,94.56,94.12
2013-11-17,921.0,Sunday,6,11,2013,1,509.7142857142857,2.5576201172199933,False,93.8,0,0,0,0,17,4,46,0,0,683.0,695.0,860.0,427.0,477.42857142857144,485.0,474.0,178.77439893420328,93.8,94.56,94.01142857142857
2013-11-18,447.0,Monday,0,11,2013,0,486.1428571428572,-0.1788260092002045,False,93.03,0,0,0,0,18,4,47,0,0,921.0,612.0,406.0,737.0,509.7142857142857,489.35714285714283,490.46666666666664,235.89666825802792,93.8,95.13,93.90285714285714
2013-11-19,401.0,Tuesday,1,11,2013,0,498.57142857142856,-0.4443882915110255,False,93.35,0,0,0,0,19,4,47,0,0,447.0,314.0,475.0,904.0,486.14285714285717,492.2857142857143,480.8,232.18701411536665,93.03,93.12,93.60285714285715
2013-11-20,481.0,Wednesday,2,11,2013,0,518.2857142857143,0.0174591559860543,False,93.34,0,0,0,0,20,4,47,0,0,401.0,343.0,295.0,394.0,498.57142857142856,487.0,464.03333333333336,223.60669127052603,93.35,93.91,93.63571428571429
2013-11-21,199.0,Thursday,3,11,2013,0,504.57142857142856,-1.610553096441152,False,95.35,0,0,0,0,21,4,47,0,0,481.0,295.0,389.0,351.0,518.2857142857143,500.2857142857143,466.93333333333334,213.45781338531057,93.34,93.76,93.5542857142857
2013-11-22,419.0,Friday,4,11,2013,0,507.2857142857143,-0.3404726158241825,False,94.53,0,0,0,0,22,4,47,0,0,199.0,400.0,379.0,310.0,504.57142857142856,486.7142857142857,461.8666666666667,232.43483469771124,95.35,93.8,93.78142857142856
2013-11-23,519.0,Saturday,5,11,2013,1,483.8571428571428,0.2368366935471673,False,94.53,0,0,0,0,23,4,47,0,0,419.0,683.0,644.0,384.0,507.2857142857143,489.57142857142856,465.5,231.11736865765423,94.53,93.8,93.88571428571429
2013-11-24,702.0,Sunday,6,11,2013,1,452.57142857142856,1.2933127296967375,False,94.53,0,0,0,0,24,4,47,0,0,519.0,921.0,695.0,297.0,483.85714285714283,480.64285714285717,470.0,218.29294428315694,94.53,93.8,93.99000000000001
2013-11-25,282.0,Monday,0,11,2013,0,429.0,-1.1313863696629318,False,93.86,0,0,0,0,25,4,48,0,0,702.0,447.0,612.0,531.0,452.57142857142856,481.14285714285717,483.5,150.3061954177282,94.53,93.03,94.0942857142857
2013-11-26,274.0,Tuesday,1,11,2013,0,410.8571428571428,-1.1775711144126395,False,93.41,0,0,0,0,26,4,48,0,0,282.0,401.0,314.0,801.0,429.0,457.57142857142856,475.2,163.66938219064235,93.86,93.35,94.21285714285715
2013-11-27,474.0,Wednesday,2,11,2013,0,409.8571428571428,-0.0229524956699401,False,92.05,0,0,0,0,27,4,48,0,0,274.0,481.0,343.0,297.0,410.85714285714283,454.7142857142857,457.6333333333333,174.00328404125804,93.41,93.34,94.22142857142856
2013-11-28,258.0,Thursday,3,11,2013,0,418.2857142857143,-1.2699406039120558,False,92.3,0,0,0,0,28,4,48,0,0,474.0,199.0,295.0,352.0,409.85714285714283,464.07142857142856,463.53333333333336,173.55251709634192,92.05,95.35,94.03714285714285
2013-11-29,363.0,Friday,4,11,2013,0,410.2857142857143,-0.6637658290721384,False,92.55,0,0,0,0,29,4,48,0,0,258.0,419.0,400.0,497.0,418.2857142857143,461.42857142857144,460.4,162.6988161048034,92.3,94.53,93.60142857142857
2013-11-30,726.0,Saturday,5,11,2013,1,439.8571428571428,1.4318669639458614,False,92.55,0,0,0,0,30,4,48,0,1,363.0,519.0,683.0,224.0,410.2857142857143,458.7857142857143,455.93333333333334,164.0291785889672,92.55,94.53,93.31857142857143
2013-12-01,736.0,Sunday,6,12,2013,1,444.7142857142857,1.4895978948829964,False,92.55,0,0,0,0,1,4,48,1,0,726.0,702.0,921.0,375.0,439.85714285714283,461.85714285714283,472.6666666666667,201.31602732306922,92.55,94.53,93.03571428571429
2013-12-02,421.0,Monday,0,12,2013,0,464.57142857142856,-0.3289264296367555,False,93.61,0,0,0,0,2,4,49,0,0,736.0,282.0,447.0,549.0,444.7142857142857,448.64285714285717,484.7,208.95989590167295,92.55,93.86,92.75285714285714
2013-12-03,493.0,Tuesday,1,12,2013,0,495.8571428571428,0.0867362731106163,False,95.83,0,0,0,0,3,4,49,0,0,421.0,274.0,401.0,860.0,464.57142857142856,446.7857142857143,480.43333333333334,197.19352350999168,93.61,93.41,92.71714285714286
2013-12-04,454.0,Wednesday,2,12,2013,0,493.0,-0.13841435754421,False,96.97,0,0,0,0,4,4,49,0,0,493.0,474.0,481.0,406.0,495.85714285714283,453.35714285714283,468.2,178.3960281428452,95.83,92.05,93.06285714285715
2013-12-05,265.0,Thursday,3,12,2013,0,494.0,-1.2295289522560613,False,97.14,0,0,1,1,5,4,49,0,0,454.0,258.0,199.0,475.0,493.0,451.42857142857144,469.8,178.96368346678597,96.97,92.3,93.76571428571428
2013-12-06,388.0,Friday,4,12,2013,0,497.57142857142856,-0.519438501729301,False,97.48,0,0,1,1,6,4,49,0,0,265.0,363.0,419.0,295.0,494.0,456.14285714285717,462.8,177.44482710596728,97.14,92.55,94.45714285714284
2013-12-07,504.0,Saturday,5,12,2013,1,465.8571428571428,0.1502402971414648,False,97.48,0,0,0,0,7,4,49,0,0,388.0,726.0,519.0,389.0,497.57142857142856,453.92857142857144,465.9,174.59749630016367,97.48,92.55,95.16142857142857
2013-12-08,477.0,Sunday,6,12,2013,1,428.8571428571428,-0.0056332163887996,False,97.48,0,0,1,1,8,4,49,0,0,504.0,736.0,702.0,379.0,465.85714285714283,452.85714285714283,469.73333333333335,143.60063668780433,97.48,92.55,95.86571428571428
2013-12-09,378.0,Monday,0,12,2013,0,422.7142857142857,-0.5771694326664359,False,97.1,0,0,0,0,9,4,50,0,0,477.0,421.0,282.0,644.0,428.85714285714283,436.7857142857143,473.0,82.95667256953713,97.48,93.61,96.57000000000001
2013-12-10,330.0,Tuesday,1,12,2013,0,399.4285714285714,-0.8542779011646838,False,98.32,0,0,0,0,10,4,50,0,0,378.0,493.0,274.0,695.0,422.7142857142857,443.64285714285717,464.1333333333333,85.197250123295,97.1,95.83,97.06857142857143
2013-12-11,508.0,Wednesday,2,12,2013,0,407.1428571428572,0.1733326695163188,False,97.25,0,0,0,0,11,4,50,0,0,330.0,454.0,474.0,612.0,399.42857142857144,447.64285714285717,451.96666666666664,85.06048268312114,98.32,96.97,97.42428571428572
2013-12-12,502.0,Thursday,3,12,2013,0,441.0,0.1386941109540378,False,97.21,0,0,0,0,12,4,50,0,0,508.0,265.0,258.0,314.0,407.14285714285717,450.07142857142856,448.5,92.92008855539635,97.25,97.14,97.46428571428571
2013-12-13,367.0,Friday,4,12,2013,0,438.0,-0.6406734566972844,False,96.27,0,0,0,0,13,4,50,0,0,502.0,388.0,363.0,343.0,441.0,467.5,454.76666666666665,73.68174807915379,97.21,97.48,97.47428571428573
2013-12-14,547.0,Saturday,5,12,2013,1,444.1428571428572,0.3984833001711452,False,96.27,0,0,0,0,14,4,50,0,0,367.0,504.0,726.0,295.0,438.0,467.7857142857143,455.56666666666666,76.57022920169352,96.27,97.48,97.30142857142857
2013-12-15,621.0,Sunday,6,12,2013,1,464.7142857142857,0.8256921891059441,False,96.27,0,0,0,0,15,4,50,0,0,547.0,477.0,736.0,400.0,444.14285714285717,455.0,463.96666666666664,84.10197891335699,96.27,97.48,97.12857142857142
2013-12-16,322.0,Monday,0,12,2013,0,456.7142857142857,-0.9004626459143918,False,97.18,0,0,0,0,16,4,51,0,0,621.0,378.0,421.0,683.0,464.7142857142857,446.7857142857143,471.3333333333333,107.76164173105074,96.27,97.1,96.95571428571428
2013-12-17,496.0,Tuesday,1,12,2013,0,480.4285714285714,0.1040555523917568,False,96.99,0,0,0,0,17,4,51,0,0,322.0,330.0,493.0,921.0,456.7142857142857,439.7142857142857,459.3,116.95827501822177,97.18,98.32,96.96714285714286
2013-12-18,532.0,Wednesday,2,12,2013,0,483.8571428571428,0.3118869037654427,False,97.59,0,0,0,0,18,4,51,0,0,496.0,508.0,454.0,447.0,480.42857142857144,439.92857142857144,445.1333333333333,102.97711257500688,96.99,97.25,96.77714285714286
2013-12-19,455.0,Thursday,3,12,2013,0,477.1428571428572,-0.1326412644504965,False,98.4,0,0,0,0,19,4,51,0,0,532.0,502.0,265.0,401.0,483.85714285714283,445.5,447.96666666666664,104.43726756834836,97.59,97.21,96.82571428571428
2013-12-20,441.0,Friday,4,12,2013,0,487.7142857142857,-0.2134645677624855,False,99.11,0,0,0,0,20,4,51,0,0,455.0,367.0,388.0,481.0,477.14285714285717,459.07142857142856,449.76666666666665,104.58717029576866,98.4,96.27,96.99571428571429
2013-12-21,630.0,Saturday,5,12,2013,1,499.57142857142856,0.8776500269493656,False,99.11,1,0,0,1,21,4,51,0,0,441.0,547.0,504.0,199.0,487.7142857142857,462.85714285714283,448.43333333333334,94.88890747555637,99.11,96.27,97.40142857142857
2013-12-22,985.0,Sunday,6,12,2013,1,551.5714285714286,2.9270980752176574,False,99.11,1,0,1,1,22,4,51,0,0,630.0,621.0,477.0,419.0,499.57142857142856,471.85714285714283,462.8,107.83452932287348,99.11,96.27,97.80714285714285
2013-12-23,523.0,Monday,0,12,2013,0,580.2857142857143,0.2599290659220213,False,98.62,1,0,0,1,23,4,52,0,0,985.0,322.0,378.0,519.0,551.5714285714286,508.14285714285717,481.6666666666667,212.81357815613893,99.11,97.18,98.21285714285715
2013-12-24,365.0,Tuesday,1,12,2013,0,561.5714285714286,-0.6522196428847113,False,98.87,1,0,0,1,24,4,52,0,0,523.0,496.0,330.0,702.0,580.2857142857143,518.5,481.8,188.89125115236226,98.62,96.99,98.41857142857143
2013-12-25,0.0,Wednesday,2,12,2013,0,485.57142857142856,-2.759398622090138,False,99.025,1,0,0,1,25,4,52,0,0,365.0,532.0,508.0,282.0,561.5714285714286,521.0,470.56666666666666,204.47971141644445,98.87,97.59,98.68714285714285
2013-12-26,418.0,Thursday,3,12,2013,0,480.2857142857143,-0.346245708917896,False,99.18,1,0,0,1,26,4,52,0,0,0.0,455.0,502.0,274.0,485.57142857142856,484.7142857142857,461.1666666666667,295.783624260966,99.025,98.4,98.89214285714287
2013-12-27,419.0,Friday,4,12,2013,0,477.1428571428572,-0.3404726158241825,False,99.94,0,0,0,0,27,4,52,0,0,418.0,441.0,367.0,474.0,480.2857142857143,478.7142857142857,465.96666666666664,296.75001504392776,99.18,99.11,99.00357142857142
2013-12-28,499.0,Saturday,5,12,2013,1,458.4285714285714,0.1213748316728973,False,99.94,0,0,0,0,28,4,52,0,0,419.0,630.0,547.0,258.0,477.14285714285717,482.42857142857144,464.1333333333333,297.3513233934052,99.94,99.11,99.12214285714286
2013-12-29,552.0,Sunday,6,12,2013,1,396.57142857142856,0.4273487656397127,False,99.94,0,0,0,0,29,4,52,0,0,499.0,985.0,621.0,363.0,458.42857142857144,479.0,472.1666666666667,290.16309042953577,99.94,99.11,99.24071428571429
2013-12-30,595.0,Monday,0,12,2013,0,406.8571428571428,0.6755917686693932,False,98.9,0,0,0,0,30,4,1,0,0,552.0,523.0,322.0,726.0,396.57142857142856,474.07142857142856,478.46666666666664,187.021261841942,99.94,98.62,99.35928571428573
2013-12-31,436.0,Tuesday,1,12,2013,0,417.0,-0.242330033231053,False,98.17,1,0,0,1,31,4,1,0,1,595.0,365.0,496.0,736.0,406.85714285714283,493.57142857142856,474.1,196.85479299171095,98.9,98.87,99.39928571428572
2014-01-01,0.0,Wednesday,2,1,2014,0,417.0,-2.759398622090138,False,96.655,1,0,0,1,1,1,1,1,0,436.0,0.0,532.0,421.0,417.0,489.2857142857143,464.1,196.16659586518085,98.17,99.025,99.29928571428572
2014-01-02,589.0,Thursday,3,1,2014,0,441.4285714285714,0.6409532101071121,False,95.14,0,0,0,0,2,1,1,0,0,0.0,418.0,455.0,493.0,417.0,451.2857142857143,450.06666666666666,196.16659586518085,96.655,99.18,98.96071428571427
2014-01-03,474.0,Friday,4,1,2014,0,449.2857142857143,-0.0229524956699401,False,93.66,0,0,0,0,3,1,1,0,0,589.0,419.0,441.0,454.0,441.42857142857144,460.85714285714283,453.26666666666665,206.67757267690882,95.14,99.94,98.38357142857141
2014-01-04,767.0,Saturday,5,1,2014,1,487.57142857142856,1.6685637807881148,False,93.66,0,0,0,0,4,1,1,0,0,474.0,499.0,630.0,265.0,449.2857142857143,463.2142857142857,453.93333333333334,206.72825503198953,93.66,99.94,97.48642857142856
2014-01-05,1203.0,Sunday,6,1,2014,1,580.5714285714286,4.1856323696472,True,93.66,0,0,0,0,5,1,1,0,0,767.0,552.0,985.0,388.0,487.57142857142856,473.0,470.6666666666667,239.6628584371922,93.66,99.94,96.58928571428571
2014-01-06,399.0,Monday,0,1,2014,0,552.5714285714286,-0.4559344776984524,False,93.12,0,0,0,0,6,1,2,0,0,1203.0,595.0,523.0,504.0,580.5714285714286,488.57142857142856,497.8333333333333,363.2661362063435,93.66,98.9,95.69214285714284
2014-01-07,498.0,Tuesday,1,1,2014,0,561.4285714285714,0.1156017385791838,False,93.31,0,0,0,0,7,1,2,0,0,399.0,436.0,365.0,477.0,552.5714285714286,479.7142857142857,494.3333333333333,369.46937497933305,93.12,98.17,94.86642857142856
2014-01-08,561.0,Wednesday,2,1,2014,0,641.5714285714286,0.4793066034831342,False,91.9,0,0,0,0,8,1,2,0,0,498.0,0.0,0.0,378.0,561.4285714285714,489.2142857142857,495.03333333333336,366.9436183497664,93.31,96.655,94.17214285714286
2014-01-09,239.0,Thursday,3,1,2014,0,591.5714285714286,-1.379629372692612,False,91.36,0,0,0,0,9,1,2,0,0,561.0,589.0,418.0,330.0,641.5714285714286,529.2857142857143,501.1333333333333,273.16774891560516,91.9,95.14,93.49285714285715
2014-01-10,438.0,Friday,4,1,2014,0,586.4285714285714,-0.230783847043626,False,92.39,0,0,0,0,10,1,2,0,0,239.0,474.0,419.0,508.0,591.5714285714286,516.5,498.1,313.45486498210937,91.36,93.66,92.95285714285714
2014-01-11,619.0,Saturday,5,1,2014,1,565.2857142857143,0.8141460029185171,False,92.39,0,0,0,0,11,1,2,0,0,438.0,767.0,499.0,502.0,586.4285714285714,517.8571428571429,495.76666666666665,315.9904308376322,92.39,93.66,92.77142857142857
2014-01-12,533.0,Sunday,6,1,2014,1,469.57142857142856,0.3176599968591562,False,92.39,0,0,0,0,12,1,2,0,0,619.0,1203.0,552.0,367.0,565.2857142857143,526.4285714285714,499.6666666666667,306.70980545444706,92.39,93.66,92.59
2014-01-13,443.0,Monday,0,1,2014,0,475.8571428571428,-0.2019183815750585,False,91.45,0,0,0,0,13,1,3,0,0,533.0,399.0,595.0,547.0,469.57142857142856,525.0714285714286,505.2,125.60501203223927,92.39,93.12,92.40857142857143
2014-01-14,440.0,Tuesday,1,1,2014,0,467.57142857142856,-0.219237660856199,False,92.15,0,0,0,0,14,1,3,0,0,443.0,498.0,436.0,621.0,475.85714285714283,514.2142857142857,501.73333333333335,122.54853266009668,91.45,93.31,92.17
2014-01-15,360.0,Wednesday,2,1,2014,0,438.8571428571428,-0.6810851083532788,False,93.78,0,0,0,0,15,1,3,0,0,440.0,561.0,0.0,322.0,467.57142857142856,514.5,495.7,122.76244966445957,92.15,91.9,92.00428571428571
2014-01-16,1168.0,Thursday,3,1,2014,0,571.5714285714286,3.983574111367228,True,93.54,0,0,0,0,16,1,3,0,0,360.0,239.0,589.0,496.0,438.85714285714283,540.2142857142857,496.96666666666664,120.75792392417188,93.78,91.36,92.27285714285713
2014-01-17,506.0,Friday,4,1,2014,0,581.2857142857143,0.1617864833288918,False,93.96,0,0,0,0,17,1,3,0,0,1168.0,438.0,474.0,532.0,571.5714285714286,581.5714285714286,519.3666666666667,275.6536819651651,93.54,92.39,92.58428571428571
2014-01-18,720.0,Saturday,5,1,2014,1,595.7142857142857,1.3972284053835804,False,93.96,0,0,0,0,18,1,3,0,0,506.0,619.0,767.0,455.0,581.2857142857143,583.8571428571429,518.5,271.32619623232983,93.96,92.39,92.80857142857143
2014-01-19,561.0,Sunday,6,1,2014,1,599.7142857142857,0.4793066034831342,False,93.96,0,0,0,0,19,1,3,0,0,720.0,533.0,1203.0,441.0,595.7142857142857,580.5,527.3333333333334,276.3058174593955,93.96,92.39,93.03285714285714
2014-01-20,391.0,Monday,0,1,2014,0,592.2857142857143,-0.5021192224481604,False,94.235,0,0,0,0,20,1,4,0,0,561.0,443.0,399.0,630.0,599.7142857142857,534.6428571428571,531.3333333333334,275.44794685851525,93.96,91.45,93.25714285714287
2014-01-21,421.0,Tuesday,1,1,2014,0,589.5714285714286,-0.3289264296367555,False,94.51,0,0,0,0,21,1,4,0,0,391.0,440.0,498.0,985.0,592.2857142857143,534.0714285714286,523.3666666666667,281.023554342404,94.235,92.15,93.655
2014-01-22,519.0,Wednesday,2,1,2014,0,612.2857142857143,0.2368366935471673,False,96.35,0,0,0,0,22,1,4,0,0,421.0,360.0,561.0,523.0,589.5714285714286,528.5714285714286,504.56666666666666,282.8255393600191,94.51,93.78,93.99214285714287
2014-01-23,231.0,Thursday,3,1,2014,0,478.4285714285714,-1.4258141174423202,False,97.23,0,0,0,0,23,1,4,0,0,519.0,1168.0,239.0,365.0,612.2857142857143,525.5714285714286,504.43333333333334,267.27246664887025,96.35,93.54,94.35928571428572
2014-01-24,263.0,Friday,4,1,2014,0,443.7142857142857,-1.2410751384434882,False,96.66,0,0,0,0,24,1,4,0,0,231.0,506.0,438.0,0.0,478.42857142857144,525.0,499.96666666666664,152.61264379997795,97.23,93.96,94.88642857142857
2014-01-25,789.0,Saturday,5,1,2014,1,453.57142857142856,1.7955718288498117,False,96.66,0,0,0,0,25,1,4,0,0,263.0,720.0,619.0,418.0,443.7142857142857,512.5,508.73333333333335,171.73498409440236,96.66,93.96,95.27214285714285
2014-01-26,698.0,Sunday,6,1,2014,1,473.1428571428572,1.2702203573218835,False,96.66,0,0,0,0,26,1,4,0,0,789.0,561.0,533.0,419.0,453.57142857142856,524.6428571428571,521.1,191.12200042804835,96.66,93.96,95.65785714285714
2014-01-27,310.0,Monday,0,1,2014,0,461.57142857142856,-0.9697397630389538,False,95.82,0,0,0,0,27,1,5,0,0,698.0,391.0,443.0,499.0,473.14285714285717,536.4285714285714,530.4,210.03525781118134,96.66,94.235,96.04357142857143
2014-01-28,332.0,Tuesday,1,1,2014,0,448.8571428571428,-0.8427317149772569,False,97.49,0,0,0,0,28,1,5,0,0,310.0,421.0,440.0,552.0,461.57142857142856,526.9285714285714,524.1,217.41654118523792,95.82,94.51,96.26999999999998
2014-01-29,405.0,Wednesday,2,1,2014,0,432.57142857142856,-0.4212959191361715,False,97.34,0,0,0,0,29,1,5,0,0,332.0,519.0,360.0,595.0,448.85714285714283,519.2142857142857,516.7666666666667,222.72212026905348,97.49,96.35,96.69571428571427
2014-01-30,323.0,Thursday,3,1,2014,0,445.7142857142857,-0.8946895528206783,False,98.25,0,0,0,0,30,1,5,0,0,405.0,231.0,1168.0,436.0,432.57142857142856,522.4285714285714,510.43333333333334,220.89881329306763,97.34,97.23,96.83714285714287
2014-01-31,456.0,Friday,4,1,2014,0,473.2857142857143,-0.126868171356783,False,97.55,0,0,0,0,31,1,5,0,1,323.0,263.0,506.0,0.0,445.7142857142857,462.07142857142856,506.6666666666667,209.3415982596498,98.25,96.66,96.98285714285714
2014-02-01,732.0,Saturday,5,2,2014,1,465.1428571428572,1.4665055225081425,False,97.55,0,0,0,0,1,1,5,1,0,456.0,789.0,720.0,589.0,473.2857142857143,458.5,521.8666666666667,193.36641753047843,97.55,96.66,97.11
2014-02-02,704.0,Sunday,6,2,2014,1,466.0,1.3048589158841644,False,97.55,0,0,0,0,2,1,5,0,0,732.0,698.0,561.0,474.0,465.14285714285717,459.35714285714283,526.6333333333333,178.4828923374527,97.55,96.66,97.23714285714286
2014-02-03,395.0,Monday,0,2,2014,0,478.1428571428572,-0.4790268500733065,False,96.44,0,0,0,0,3,1,6,0,0,704.0,310.0,391.0,767.0,466.0,469.57142857142856,534.3,179.79710787440348,97.55,95.82,97.36428571428571
2014-02-04,313.0,Tuesday,1,2,2014,0,475.4285714285714,-0.9524204837578132,False,97.24,0,0,0,0,4,1,6,0,0,395.0,332.0,421.0,1203.0,478.14285714285717,469.85714285714283,521.9,170.1150870944219,96.44,97.49,97.45285714285716
2014-02-05,463.0,Wednesday,2,2,2014,0,483.7142857142857,-0.0864565197007885,False,97.4,0,0,0,0,5,1,6,0,0,313.0,405.0,519.0,399.0,475.42857142857144,462.14285714285717,492.23333333333335,172.96324960605247,97.24,97.34,97.41714285714286
2014-02-06,301.0,Thursday,3,2,2014,0,480.57142857142856,-1.0216976008823753,False,97.84,0,0,0,0,6,1,6,0,0,463.0,323.0,231.0,498.0,483.7142857142857,458.14285714285717,494.3666666666667,170.3972948589208,97.4,98.25,97.42571428571429
2014-02-07,289.0,Friday,4,2,2014,0,456.7142857142857,-1.0909747180069371,False,99.98,0,0,0,0,7,1,6,0,0,301.0,456.0,263.0,561.0,480.57142857142856,463.14285714285717,487.8,174.01997695940625,97.84,97.55,97.36714285714287
2014-02-08,678.0,Saturday,5,2,2014,1,449.0,1.1547584954476136,False,99.98,0,0,0,0,8,1,6,0,0,289.0,732.0,789.0,239.0,456.7142857142857,465.0,478.73333333333335,188.77209741353366,99.98,97.55,97.71428571428571
2014-02-09,731.0,Sunday,6,2,2014,1,452.8571428571428,1.4607324294144288,False,99.98,0,0,0,0,9,1,6,0,0,678.0,704.0,698.0,438.0,449.0,457.07142857142856,493.3666666666667,176.34152469946832,99.98,97.55,98.06142857142856
2014-02-10,370.0,Monday,0,2,2014,0,449.2857142857143,-0.6233541774161439,False,100.12,0,0,0,0,10,1,7,0,0,731.0,395.0,310.0,619.0,452.85714285714283,459.42857142857144,503.1333333333333,183.0176936541275,99.98,96.44,98.40857142857143
2014-02-11,440.0,Tuesday,1,2,2014,0,467.4285714285714,-0.219237660856199,False,99.96,0,0,0,0,11,1,7,0,0,370.0,313.0,332.0,533.0,449.2857142857143,463.7142857142857,494.8333333333333,184.57222099195923,100.12,97.24,98.9342857142857
2014-02-12,409.0,Wednesday,2,2,2014,0,459.7142857142857,-0.3982035467613175,False,100.38,0,0,0,0,12,1,7,0,0,440.0,463.0,405.0,443.0,467.42857142857144,471.42857142857144,491.73333333333335,174.93318452374592,99.96,97.4,99.32285714285715
2014-02-13,310.0,Thursday,3,2,2014,0,461.0,-0.9697397630389538,False,100.27,0,0,0,0,13,1,7,0,0,409.0,301.0,323.0,440.0,459.7142857142857,471.7142857142857,490.6,176.34598028280837,100.38,97.84,99.74857142857142
2014-02-14,258.0,Friday,4,2,2014,0,456.57142857142856,-1.2699406039120558,False,100.31,0,0,0,0,14,1,7,0,0,310.0,289.0,456.0,360.0,461.0,470.7857142857143,486.26666666666665,175.023807904334,100.27,99.98,100.09571428571428
2014-02-15,650.0,Saturday,5,2,2014,1,452.57142857142856,0.9931118888236355,False,100.31,0,0,0,0,15,1,7,0,0,258.0,678.0,732.0,1168.0,456.57142857142856,456.64285714285717,482.8666666666667,180.41051072748576,100.31,99.98,100.14285714285714
2014-02-16,583.0,Sunday,6,2,2014,1,431.4285714285714,0.6063146515448312,False,100.31,0,0,0,0,16,1,7,0,0,650.0,731.0,704.0,506.0,452.57142857142856,450.7857142857143,465.6,174.90936428415029,100.31,99.98,100.19000000000001
2014-02-17,506.0,Monday,0,2,2014,0,450.8571428571428,0.1617864833288918,False,101.42500000000001,0,0,0,0,17,1,8,0,0,583.0,370.0,395.0,720.0,431.42857142857144,442.14285714285717,468.1666666666667,141.37403951086242,100.31,100.12,100.23714285714287
2014-02-18,506.0,Tuesday,1,2,2014,0,460.2857142857143,0.1617864833288918,False,102.54,0,0,0,0,18,1,8,0,0,506.0,440.0,313.0,561.0,450.85714285714283,450.07142857142856,461.03333333333336,140.8692402802781,101.42500000000001,99.96,100.42357142857144
2014-02-19,392.0,Wednesday,2,2,2014,0,457.8571428571428,-0.4963461293544469,False,103.46,0,0,0,0,19,1,8,0,0,506.0,409.0,463.0,391.0,460.2857142857143,463.85714285714283,459.2,142.2236669073446,102.54,100.38,100.79214285714285
2014-02-20,296.0,Thursday,3,2,2014,0,455.8571428571428,-1.0505630663509429,False,103.2,0,0,0,0,20,1,8,0,0,392.0,310.0,301.0,421.0,457.85714285714283,458.7857142857143,459.23333333333335,143.38576006869044,103.46,100.27,101.23214285714286
2014-02-21,393.0,Friday,4,2,2014,0,475.1428571428572,-0.4905730362607334,False,102.53,0,0,0,0,21,1,8,0,0,296.0,258.0,289.0,519.0,455.85714285714283,458.42857142857144,455.06666666666666,145.8680094828063,103.2,100.31,101.6507142857143
2014-02-22,809.0,Saturday,5,2,2014,1,497.8571428571428,1.9110336907240817,False,102.53,0,0,0,0,22,1,8,0,0,393.0,650.0,678.0,231.0,475.14285714285717,465.85714285714283,450.8666666666667,122.38249952699972,102.53,100.31,101.96785714285716
2014-02-23,714.0,Sunday,6,2,2014,1,516.5714285714286,1.3625898468212994,False,102.53,0,0,0,0,23,1,8,0,0,809.0,583.0,731.0,263.0,497.85714285714283,475.2142857142857,470.1333333333333,166.90259491834183,102.53,100.31,102.285
2014-02-24,338.0,Monday,0,2,2014,0,492.57142857142856,-0.8080931564149758,False,103.17,0,0,0,0,24,1,9,0,0,714.0,506.0,370.0,789.0,516.5714285714286,474.0,485.1666666666667,184.46124899542536,102.53,101.42500000000001,102.60214285714285
2014-02-25,453.0,Tuesday,1,2,2014,0,485.0,-0.1441874506379235,False,102.2,0,0,0,0,25,1,9,0,0,338.0,506.0,440.0,698.0,492.57142857142856,471.7142857142857,470.1333333333333,196.59591140446508,103.17,102.54,102.85142857142857
2014-02-26,388.0,Wednesday,2,2,2014,0,484.4285714285714,-0.519438501729301,False,102.93,0,0,0,0,26,1,9,0,0,453.0,392.0,409.0,310.0,485.0,472.64285714285717,461.96666666666664,197.01268994661206,102.2,103.46,102.80285714285715
2014-02-27,587.0,Thursday,3,2,2014,0,526.0,0.6294070239196852,False,102.68,0,0,0,0,27,1,9,0,0,388.0,296.0,310.0,332.0,484.42857142857144,471.14285714285717,464.56666666666666,197.33293114502104,102.93,103.2,102.72714285714287
2014-02-28,346.0,Friday,4,2,2014,0,519.2857142857143,-0.7619084116652679,False,102.88,0,0,0,0,28,1,9,0,1,587.0,393.0,258.0,405.0,526.0,490.92857142857144,473.06666666666666,180.99723754798012,102.68,102.53,102.65285714285713
2014-03-01,714.0,Saturday,5,3,2014,1,505.7142857142857,1.3625898468212994,False,102.88,0,0,0,0,1,1,9,1,0,346.0,809.0,650.0,323.0,519.2857142857143,497.2142857142857,471.1,187.5079680846604,102.88,102.53,102.70285714285714
2014-03-02,410.0,Sunday,6,3,2014,1,462.2857142857143,-0.392430453667604,False,102.88,0,0,1,1,2,1,9,0,0,714.0,714.0,583.0,456.0,505.7142857142857,501.7857142857143,484.1333333333333,165.14913894791584,102.88,102.53,102.75285714285714
2014-03-03,408.0,Monday,0,3,2014,0,472.2857142857143,-0.4039766398550309,False,105.34,1,0,0,1,3,1,10,0,0,410.0,338.0,506.0,732.0,462.2857142857143,489.42857142857144,482.6,139.17700275274638,102.88,103.17,102.80285714285715
2014-03-04,648.0,Tuesday,1,3,2014,0,500.1428571428572,0.9815657026362086,False,103.64,1,0,0,1,4,1,10,0,0,408.0,453.0,506.0,704.0,472.2857142857143,482.42857142857144,471.8,131.03525516149455,105.34,102.2,103.11285714285714
2014-03-05,367.0,Wednesday,2,3,2014,0,497.1428571428572,-0.6406734566972844,False,101.75,0,0,0,0,5,1,10,0,0,648.0,388.0,392.0,395.0,500.14285714285717,492.57142857142856,469.93333333333334,146.11231817957525,103.64,102.93,103.31857142857143
2014-03-06,492.0,Thursday,3,3,2014,0,483.57142857142856,0.0809631800169028,False,101.82,0,0,0,0,6,1,10,0,0,367.0,587.0,296.0,313.0,497.14285714285717,490.7857142857143,469.0,148.9859373357413,101.75,102.68,103.14999999999999
2014-03-07,410.0,Friday,4,3,2014,0,492.7142857142857,-0.392430453667604,False,102.82,0,0,0,0,7,1,10,0,0,492.0,346.0,393.0,463.0,483.57142857142856,504.7857142857143,474.96666666666664,143.66843441625912,101.82,102.88,103.02714285714286
2014-03-08,572.0,Saturday,5,3,2014,1,472.4285714285714,0.5428106275139827,False,102.82,0,0,0,0,8,1,10,0,0,410.0,714.0,809.0,301.0,492.7142857142857,506.0,473.2,135.24387143935456,102.82,102.88,103.01857142857143
2014-03-09,731.0,Sunday,6,3,2014,1,518.2857142857143,1.4607324294144288,False,102.82,0,0,0,0,9,1,10,0,0,572.0,410.0,714.0,289.0,472.42857142857144,489.07142857142856,482.23333333333335,103.42768350052904,102.82,102.88,103.01
2014-03-10,437.0,Monday,0,3,2014,0,522.4285714285714,-0.2365569401373395,False,101.39,0,0,0,0,10,1,11,0,0,731.0,408.0,338.0,678.0,518.2857142857143,490.2857142857143,496.96666666666664,136.88524912703838,102.82,105.34,103.00142857142858
2014-03-11,509.0,Tuesday,1,3,2014,0,502.57142857142856,0.1791057626100323,False,100.29,0,0,0,0,11,1,11,0,0,437.0,648.0,453.0,731.0,522.4285714285714,497.35714285714283,488.93333333333334,133.3852279962777,101.39,103.64,102.43714285714285
2014-03-12,317.0,Wednesday,2,3,2014,0,495.4285714285714,-0.9293281113829592,False,98.29,0,0,0,0,12,1,11,0,0,509.0,367.0,388.0,370.0,502.57142857142856,501.35714285714283,481.53333333333336,121.38211996673549,100.29,101.75,101.95857142857143
2014-03-13,254.0,Thursday,3,3,2014,0,461.4285714285714,-1.2930329762869095,False,98.57,0,0,0,0,13,1,11,0,0,317.0,492.0,587.0,440.0,495.42857142857144,496.2857142857143,479.76666666666665,131.72048327532673,98.29,101.82,101.46428571428571
2014-03-14,243.0,Friday,4,3,2014,0,437.57142857142856,-1.356537000317758,False,99.23,0,0,0,0,14,1,11,0,0,254.0,410.0,346.0,409.0,461.42857142857144,472.5,473.56666666666666,160.35674514745426,98.57,102.82,101.0
2014-03-15,535.0,Saturday,5,3,2014,1,432.2857142857143,0.3292061830465833,False,99.23,0,0,0,0,15,1,11,0,0,243.0,572.0,714.0,310.0,437.57142857142856,465.14285714285717,468.03333333333336,180.44745970582565,99.23,102.82,100.48714285714287
2014-03-16,726.0,Sunday,6,3,2014,1,431.57142857142856,1.4318669639458614,False,99.23,0,0,0,0,16,1,11,0,0,535.0,731.0,410.0,258.0,432.2857142857143,452.35714285714283,475.53333333333336,176.34881559541193,99.23,102.82,99.9742857142857
2014-03-17,285.0,Monday,0,3,2014,0,409.8571428571428,-1.1140670903817913,False,98.43,0,0,0,0,17,1,12,0,0,726.0,437.0,408.0,650.0,431.57142857142856,474.92857142857144,491.1333333333333,174.9417590160191,99.23,101.39,99.46142857142857
2014-03-18,353.0,Tuesday,1,3,2014,0,387.57142857142856,-0.7214967600092733,False,100.08,0,0,0,0,18,1,12,0,0,285.0,509.0,648.0,583.0,409.85714285714283,466.14285714285717,478.96666666666664,183.3852307497599,98.43,100.29,99.03857142857144
2014-03-19,346.0,Wednesday,2,3,2014,0,391.7142857142857,-0.7619084116652679,False,100.71,0,0,0,0,19,1,12,0,0,353.0,317.0,367.0,506.0,387.57142857142856,445.07142857142856,471.3,178.7492257725485,100.08,98.29,99.00857142857141
2014-03-20,139.0,Thursday,3,3,2014,0,375.2857142857143,-1.956938682063962,False,99.68,0,0,0,0,20,1,12,0,0,346.0,254.0,492.0,506.0,391.7142857142857,443.57142857142856,465.96666666666664,177.1700823932695,100.71,98.57,99.35428571428572
2014-03-21,456.0,Friday,4,3,2014,0,405.7142857142857,-0.126868171356783,False,99.97,0,0,0,0,21,1,12,0,0,139.0,243.0,410.0,392.0,375.2857142857143,418.35714285714283,453.73333333333335,196.3608194843646,99.68,99.23,99.51285714285713
2014-03-22,567.0,Saturday,5,3,2014,1,410.2857142857143,0.5139451620454152,False,99.97,0,0,0,0,22,1,12,0,0,456.0,535.0,572.0,296.0,405.7142857142857,421.64285714285717,455.8666666666667,188.80299634426157,99.97,99.23,99.61857142857141
2014-03-23,603.0,Sunday,6,3,2014,1,392.7142857142857,0.7217765134191011,False,99.97,0,0,0,0,23,1,12,0,0,567.0,726.0,731.0,393.0,410.2857142857143,421.2857142857143,464.9,192.80016795092422,99.97,99.23,99.72428571428573
2014-03-24,371.0,Monday,0,3,2014,0,405.0,-0.6175810843224304,False,100.05,0,0,0,0,24,1,13,0,0,603.0,285.0,437.0,809.0,392.7142857142857,412.14285714285717,471.9,162.4466212695868,99.97,98.43,99.83000000000001
2014-03-25,392.0,Tuesday,1,3,2014,0,410.57142857142856,-0.4963461293544469,False,99.66,0,0,0,0,25,1,13,0,0,371.0,353.0,509.0,714.0,405.0,407.42857142857144,457.3,156.06942899449103,100.05,100.08,100.06142857142856
2014-03-26,432.0,Wednesday,2,3,2014,0,422.8571428571428,-0.265422405605907,False,100.61,0,0,0,0,26,1,13,0,0,392.0,346.0,317.0,338.0,410.57142857142856,399.07142857142856,446.56666666666666,154.59286005812882,99.66,100.71,100.00142857142858
2014-03-27,328.0,Thursday,3,3,2014,0,449.8571428571428,-0.8658240873521108,False,101.25,0,0,0,0,27,1,13,0,0,432.0,139.0,254.0,453.0,422.85714285714283,407.2857142857143,449.7,152.00156640796837,100.61,99.68,99.98714285714286
2014-03-28,523.0,Friday,4,3,2014,0,459.4285714285714,0.2599290659220213,False,101.73,0,0,0,0,28,1,13,0,0,328.0,456.0,243.0,388.0,449.85714285714283,412.57142857142856,445.53333333333336,101.60942963365181,101.25,99.97,100.21142857142857
2014-03-29,647.0,Saturday,5,3,2014,1,470.8571428571428,0.975792609542495,False,101.73,0,0,0,0,29,1,13,0,0,523.0,567.0,535.0,587.0,459.42857142857144,432.57142857142856,450.03333333333336,105.37054797690024,101.73,99.97,100.46285714285715
2014-03-30,599.0,Sunday,6,3,2014,1,470.2857142857143,0.6986841410442471,False,101.73,0,0,0,0,30,1,13,0,0,647.0,603.0,726.0,346.0,470.85714285714283,440.57142857142856,452.03333333333336,122.00741585579702,101.73,99.97,100.71428571428571
2014-03-31,415.0,Monday,0,3,2014,0,476.57142857142856,-0.3635649881990365,False,101.57,0,0,0,0,31,1,14,0,1,599.0,371.0,285.0,714.0,470.2857142857143,431.5,460.46666666666664,121.29264100473955,101.73,100.05,100.96571428571428
